Devices,Date,Esn,Part Of Netflix Household
DefaultWidevineL3Phone,2023-09-13 00:00:00,NFANDROID1-PRV-P-L3-SAMSUSM-G930F-4445-42CA6C505CC50CFB96BC61103EFA7B0771DF4C9F39ACD6BC79E8BDE442437414,Yes
DefaultWidevinePhone,2023-09-09 00:00:00,NFANDROID1-PRV-P-SAMSUSM-A035M-23951-51616C152E0A6BA6FF2395DA49B75C16D5E0ECAFD1204A386AD8D631FB91B03C,Yes
DefaultWidevinePhone,2023-09-13 00:00:00,NFANDROID1-PRV-P-XIAOMM2003J15SC-17239-A95EFD311782969162B8B0E855DE1DEE95AFEE6B4C713767DC39E9898E1BDF1A,Yes
2K18 FHD UnionTV,2023-09-13 00:00:00,NFANDROID2-PRV-2K18FHDATV-TCL==UNIONTV-8204-2AF55D72D8358F29C780964BF4B961C2C8DBB6A435D2F3C83B2D09DBA1F68AB8,Yes
TCL 2021 FHD TV MT9221,2023-09-08 00:00:00,NFANDROID2-PRV-TCL2021FHDTVMT9221-TCL==SMART=TV-21971-D5331932636BF6B46F5D4B77E3724BB49FC35ED7AA0356B3509C33058958E3CD,Yes
Chrome PC (Cadmium),2023-07-31 00:00:00,NFCDCH-02-HC9HXG7PEUTLD8QL2PVEXGRUM4R92T,Yes
Edge OSS,2023-09-01 00:00:00,NFCDIE-03-GUUXM5D6G68YH674UUFFRJV405Y84J,Yes
Edge OSS,2023-09-11 00:00:00,NFCDIE-03-GWNHJR735E52Q87L4D3UPLFLQ0M9XV,Yes
Edge OSS,2023-09-08 00:00:00,NFCDIE-03-JC6Y0V1HCTTUY82HGVE67F6DCWEPT8,Yes
Opera,2023-09-04 00:00:00,NFCDOP-01-KCFH6X4V2EAPTQFRYQ6E3TWNAJAEE0,Yes
Windows App - Cadmium,2023-07-27 00:00:00,NFUWA-001-89908CB8EA60DCBC09BDFE9159467F91B20043AE6D51EF67335763D2A66514182839A62C47E6CBD6C3190A7B18C67891FBD5B900F064AD3B432AD0E65E7D832F,Yes
