Profile Name,Show,Has Watched,Is Interested,Event Date
Felipe,Gravity Falls,true,false,2017-04-16
Felipe,Breaking Bad,true,false,2017-04-16
Felipe,Stranger Things,true,false,2017-04-16
Bernardo,Gravity Falls,true,false,2017-04-16
Bernardo,John Wick,true,false,2017-04-16
Bernardo,Vikings,true,false,2017-04-16
Bernardo,Stranger Things,true,false,2017-04-16
Bernardo,Breaking Bad,true,false,2017-04-16
Bernardo,The Flash,true,false,2017-04-16
Bernardo,Hotel Transylvania,true,false,2017-04-16
Bernardo,The Walking Dead,true,false,2017-04-16
Bernardo,Friends,true,false,2017-04-16
Bernardo,Prison Break,true,false,2017-04-16
