Profile Name,Title Desc,Selection Type,Choice Segment Id,Has Watched,Source,Utc Timestamp
Bernardo,Black Mirror: Bandersnatch,countdown_interrupted,,false,tvui,2019-02-10 02:49:30
Bernardo,Black Mirror: Bandersnatch,countdown_interrupted,,false,tvui,2019-02-10 02:48:28
Bernardo,Black Mirror: Bandersnatch,countdown_interrupted,MATAR A PAPÁ,true,tvui,2019-02-10 02:47:47
Bernardo,Black Mirror: Bandersnatch,countdown_interrupted,RETROCEDER,true,tvui,2019-02-10 02:46:58
Bernardo,Black Mirror: Bandersnatch,countdown_interrupted,,true,tvui,2019-02-10 02:46:06
Bernardo,Black Mirror: Bandersnatch,countdown_interrupted,,true,tvui,2019-02-10 02:45:27
Bernardo,Black Mirror: Bandersnatch,countdown_interrupted,,false,tvui,2019-02-10 02:44:30
Bernardo,Black Mirror: Bandersnatch,countdown_interrupted,,false,tvui,2019-02-10 02:43:47
Bernardo,Black Mirror: Bandersnatch,countdown_interrupted,PEGARLE AL ESCRITORIO,true,tvui,2019-02-10 02:43:20
Bernardo,Black Mirror: Bandersnatch,countdown_interrupted,,true,tvui,2019-02-10 02:41:09
Bernardo,Black Mirror: Bandersnatch,countdown_interrupted,,true,tvui,2019-02-10 02:40:46
Bernardo,Black Mirror: Bandersnatch,countdown_interrupted,,true,tvui,2019-02-10 02:40:37
Bernardo,Black Mirror: Bandersnatch,countdown_interrupted,TOMARLAS,true,tvui,2019-02-10 02:39:14
Bernardo,Black Mirror: Bandersnatch,countdown_interrupted,COMERSE LAS UÑAS,true,tvui,2019-02-10 02:37:41
Bernardo,Black Mirror: Bandersnatch,countdown_interrupted,,true,tvui,2019-02-10 02:36:32
Bernardo,Black Mirror: Bandersnatch,countdown_interrupted,GRITARLE A PAPÁ,true,tvui,2019-02-10 02:35:00
Bernardo,Black Mirror: Bandersnatch,countdown_interrupted,VOLVER,true,tvui,2019-02-10 02:34:40
Bernardo,Black Mirror: Bandersnatch,countdown_interrupted,VOLCAR EL TÉ SOBRE LA COMPUTADORA,true,tvui,2019-02-10 02:34:12
Bernardo,Black Mirror: Bandersnatch,countdown_interrupted,EL TRIÁNGULO DE LAS BERMUDAS,true,tvui,2019-02-10 02:31:08
Bernardo,Black Mirror: Bandersnatch,countdown_interrupted,,false,tvui,2019-02-10 02:30:17
Bernardo,Black Mirror: Bandersnatch,countdown_interrupted,NO,true,tvui,2019-02-10 02:29:47
Bernardo,Black Mirror: Bandersnatch,countdown_interrupted,,true,tvui,2019-02-10 02:28:24
Bernardo,Black Mirror: Bandersnatch,countdown_interrupted,THOMPSON TWINS,true,tvui,2019-02-10 02:26:21
Bernardo,Black Mirror: Bandersnatch,countdown_interrupted,SUGAR PUFFS,true,tvui,2019-02-10 02:25:25
Bernardo,Black Mirror: Bandersnatch,countdown_interrupted,SÍ,true,tvui,2019-02-10 02:17:15
Bernardo,Black Mirror: Bandersnatch,countdown_interrupted,TOY,true,tvui,2019-02-10 02:15:24
Bernardo,Black Mirror: Bandersnatch,countdown_interrupted,DEJARLO IR,true,tvui,2019-02-10 02:09:02
Bernardo,Black Mirror: Bandersnatch,countdown_complete,,true,tvui,2019-02-10 02:07:13
Bernardo,Black Mirror: Bandersnatch,countdown_interrupted,,true,tvui,2019-02-10 02:06:15
Bernardo,Black Mirror: Bandersnatch,countdown_interrupted,PATADA EN LAS BOLAS,true,tvui,2019-02-10 02:02:47
Bernardo,Black Mirror: Bandersnatch,countdown_interrupted,ENFRENTARLA,true,tvui,2019-02-10 02:02:13
Bernardo,Black Mirror: Bandersnatch,countdown_interrupted,,false,tvui,2019-02-10 02:01:51
Bernardo,Black Mirror: Bandersnatch,countdown_interrupted,CONTARLE MÁS,true,tvui,2019-02-10 01:59:32
Bernardo,Black Mirror: Bandersnatch,countdown_interrupted,CONTARLE MÁS,true,tvui,2019-02-10 01:59:09
Bernardo,Black Mirror: Bandersnatch,countdown_interrupted,THE NETFLIX 'N' LOGO,true,tvui,2019-02-10 01:58:36
Bernardo,Black Mirror: Bandersnatch,countdown_interrupted,,true,tvui,2019-02-10 01:55:25
Bernardo,Black Mirror: Bandersnatch,countdown_interrupted,,true,tvui,2019-02-10 01:53:19
Bernardo,Black Mirror: Bandersnatch,countdown_interrupted,,false,tvui,2019-02-10 01:52:12
Bernardo,Black Mirror: Bandersnatch,countdown_interrupted,,false,tvui,2019-02-10 01:47:30
Bernardo,Black Mirror: Bandersnatch,countdown_interrupted,SALTÓ,false,tvui,2019-02-10 01:42:44
Bernardo,Black Mirror: Bandersnatch,countdown_complete,NO,false,tvui,2019-02-10 01:40:56
Bernardo,Black Mirror: Bandersnatch,countdown_interrupted,,false,tvui,2019-02-10 01:40:06
Bernardo,Black Mirror: Bandersnatch,countdown_complete,MATAR A PAPÁ,false,tvui,2019-02-10 01:39:04
Bernardo,Black Mirror: Bandersnatch,countdown_interrupted,,true,tvui,2019-02-10 01:38:08
Bernardo,Black Mirror: Bandersnatch,countdown_interrupted,,false,tvui,2019-02-10 01:37:23
Bernardo,Black Mirror: Bandersnatch,countdown_interrupted,,false,tvui,2019-02-10 01:33:35
Bernardo,Black Mirror: Bandersnatch,countdown_complete,,false,tvui,2019-02-10 00:39:57
Bernardo,Black Mirror: Bandersnatch,countdown_interrupted,PEGARLE AL ESCRITORIO,true,tvui,2019-02-10 00:39:02
Bernardo,Black Mirror: Bandersnatch,countdown_interrupted,,false,tvui,2019-02-10 00:34:27
Bernardo,Black Mirror: Bandersnatch,countdown_interrupted,TIRARSE DE LA OREJA,true,tvui,2019-02-10 00:32:56
Bernardo,Black Mirror: Bandersnatch,countdown_interrupted,COLIN,true,tvui,2019-02-10 00:30:41
Bernardo,Black Mirror: Bandersnatch,countdown_interrupted,VOLVER,false,tvui,2019-02-10 00:30:23
Bernardo,Black Mirror: Bandersnatch,countdown_complete,STEFAN,true,tvui,2019-02-10 00:28:45
Bernardo,Black Mirror: Bandersnatch,countdown_interrupted,SÍ,true,tvui,2019-02-10 00:24:13
Bernardo,Black Mirror: Bandersnatch,countdown_complete,,true,tvui,2019-02-10 00:20:48
Bernardo,Black Mirror: Bandersnatch,countdown_interrupted,GRITARLE A PAPÁ,true,tvui,2019-02-10 00:19:21
Bernardo,Black Mirror: Bandersnatch,countdown_complete,PHAEDRA,true,tvui,2019-02-10 00:16:05
Bernardo,Black Mirror: Bandersnatch,countdown_interrupted,,false,tvui,2019-02-10 00:13:54
Bernardo,Black Mirror: Bandersnatch,countdown_interrupted,,true,tvui,2019-02-10 00:12:48
Bernardo,Black Mirror: Bandersnatch,countdown_interrupted,,true,tvui,2019-02-10 00:07:30
Bernardo,Black Mirror: Bandersnatch,countdown_interrupted,,true,tvui,2019-02-10 00:02:50
Bernardo,Black Mirror: Bandersnatch,countdown_complete,ESO II,true,tvui,2019-02-09 23:58:20
Bernardo,Black Mirror: Bandersnatch,countdown_interrupted,FROSTIES,true,tvui,2019-02-09 23:57:19
Bernardo,Black Mirror: Bandersnatch,countdown_interrupted,THE NETFLIX 'N' LOGO,true,tvui,2019-01-27 22:20:34
Bernardo,Black Mirror: Bandersnatch,countdown_interrupted,,false,tvui,2019-01-27 22:20:03
Bernardo,Black Mirror: Bandersnatch,countdown_interrupted,TOY,true,tvui,2019-01-27 22:19:16
Bernardo,Black Mirror: Bandersnatch,countdown_interrupted,SALTAR POR LA VENTANA,false,tvui,2019-01-27 22:16:50
Bernardo,Black Mirror: Bandersnatch,countdown_interrupted,,false,tvui,2019-01-27 22:16:27
Bernardo,Black Mirror: Bandersnatch,countdown_interrupted,DEJAR DE CONVERSAR,true,tvui,2019-01-27 22:14:25
Bernardo,Black Mirror: Bandersnatch,countdown_interrupted,CONTARLE MÁS,true,tvui,2019-01-27 22:14:01
Bernardo,Black Mirror: Bandersnatch,countdown_interrupted,THE NETFLIX 'N' LOGO,true,tvui,2019-01-27 22:13:29
Bernardo,Black Mirror: Bandersnatch,countdown_interrupted,DEJARLO IR,false,tvui,2019-01-27 22:10:13
Bernardo,Black Mirror: Bandersnatch,countdown_interrupted,,false,tvui,2019-01-27 22:08:16
Bernardo,Black Mirror: Bandersnatch,countdown_interrupted,,false,tvui,2019-01-27 22:07:39
Bernardo,Black Mirror: Bandersnatch,countdown_complete,MATARLO,false,tvui,2019-01-27 22:04:25
Bernardo,Black Mirror: Bandersnatch,countdown_interrupted,SÍ,false,tvui,2019-01-27 22:01:57
Bernardo,Black Mirror: Bandersnatch,countdown_interrupted,,false,tvui,2019-01-27 22:01:08
Bernardo,Black Mirror: Bandersnatch,countdown_complete,,false,tvui,2019-01-27 21:59:42
Bernardo,Black Mirror: Bandersnatch,countdown_complete,,false,tvui,2019-01-27 21:55:18
Bernardo,Black Mirror: Bandersnatch,countdown_interrupted,MATAR A PAPÁ,false,tvui,2019-01-27 21:54:07
Bernardo,Black Mirror: Bandersnatch,countdown_interrupted,,true,tvui,2019-01-27 21:53:16
Bernardo,Black Mirror: Bandersnatch,countdown_interrupted,,false,tvui,2019-01-27 21:52:34
Bernardo,Black Mirror: Bandersnatch,countdown_interrupted,,false,tvui,2019-01-27 21:51:54
Bernardo,Black Mirror: Bandersnatch,countdown_interrupted,PEGARLE AL ESCRITORIO,true,tvui,2019-01-27 21:51:24
Bernardo,Black Mirror: Bandersnatch,countdown_interrupted,VOLVER,false,tvui,2019-01-27 21:50:59
Bernardo,Black Mirror: Bandersnatch,countdown_interrupted,DESTROZAR LA COMPUTADORA,true,tvui,2019-01-27 21:50:31
Bernardo,Black Mirror: Bandersnatch,countdown_interrupted,COLIN,false,tvui,2019-01-27 21:48:25
Bernardo,Black Mirror: Bandersnatch,countdown_interrupted,NO,false,tvui,2019-01-27 21:46:11
Bernardo,Black Mirror: Bandersnatch,countdown_interrupted,SEGUIR A COLIN,true,tvui,2019-01-27 21:45:19
Bernardo,Black Mirror: Bandersnatch,countdown_interrupted,DESTROZAR LA COMPUTADORA,false,tvui,2019-01-27 21:44:40
Bernardo,Black Mirror: Bandersnatch,countdown_interrupted,,false,tvui,2019-01-27 21:43:54
Bernardo,Black Mirror: Bandersnatch,countdown_interrupted,COMERSE LAS UÑAS,false,tvui,2019-01-27 21:43:01
Bernardo,Black Mirror: Bandersnatch,countdown_interrupted,,true,tvui,2019-01-27 21:42:27
Bernardo,Black Mirror: Bandersnatch,countdown_interrupted,GRITARLE A PAPÁ,true,tvui,2019-01-27 21:41:26
Bernardo,Black Mirror: Bandersnatch,countdown_interrupted,VOLVER,false,tvui,2019-01-27 21:40:53
Bernardo,Black Mirror: Bandersnatch,countdown_interrupted,VOLCAR EL TÉ SOBRE LA COMPUTADORA,false,tvui,2019-01-27 21:40:24
Bernardo,Black Mirror: Bandersnatch,countdown_interrupted,EL TRIÁNGULO DE LAS BERMUDAS,false,tvui,2019-01-27 21:39:26
Bernardo,Black Mirror: Bandersnatch,countdown_complete,,false,tvui,2019-01-27 21:37:18
Bernardo,Black Mirror: Bandersnatch,countdown_interrupted,,true,tvui,2019-01-27 21:36:16
Bernardo,Black Mirror: Bandersnatch,countdown_interrupted,NO,false,tvui,2019-01-27 21:35:45
Bernardo,Black Mirror: Bandersnatch,countdown_interrupted,,false,tvui,2019-01-27 21:33:07
Bernardo,Black Mirror: Bandersnatch,countdown_interrupted,THOMPSON TWINS,false,tvui,2019-01-27 21:31:38
Bernardo,Black Mirror: Bandersnatch,countdown_interrupted,FROSTIES,false,tvui,2019-01-27 21:30:57
Bernardo,Black Mirror: Bandersnatch,countdown_complete,SÍ,false,tvui,2019-01-27 21:28:08
Bernardo,Black Mirror: Bandersnatch,countdown_interrupted,TOY,false,tvui,2019-01-27 21:26:15
Bernardo,Black Mirror: Bandersnatch,countdown_interrupted,,false,tvui,2019-01-27 21:22:36
Bernardo,Black Mirror: Bandersnatch,countdown_interrupted,,false,tvui,2019-01-27 21:20:26
Bernardo,Black Mirror: Bandersnatch,countdown_complete,,true,tvui,2019-01-27 21:14:20
Bernardo,Black Mirror: Bandersnatch,countdown_complete,QUITARLE CONEJO A PAPÁ,false,tvui,2019-01-27 21:12:56
Bernardo,Black Mirror: Bandersnatch,countdown_complete,RETROCEDER,false,tvui,2019-01-27 21:12:17
Bernardo,Black Mirror: Bandersnatch,countdown_complete,,false,tvui,2019-01-27 21:11:33
Bernardo,Black Mirror: Bandersnatch,countdown_complete,,false,tvui,2019-01-27 21:07:39
Bernardo,Black Mirror: Bandersnatch,countdown_complete,,false,tvui,2019-01-27 21:05:40
Bernardo,Black Mirror: Bandersnatch,countdown_complete,VISITAR A LA DRA. HAYNES,false,tvui,2019-01-27 21:03:26
Bernardo,Black Mirror: Bandersnatch,countdown_interrupted,STEFAN,false,tvui,2019-01-27 21:01:32
Bernardo,Black Mirror: Bandersnatch,countdown_complete,SÍ,false,tvui,2019-01-27 20:57:08
Bernardo,Black Mirror: Bandersnatch,countdown_interrupted,PATADA EN LAS BOLAS,false,tvui,2019-01-27 20:52:45
Bernardo,Black Mirror: Bandersnatch,countdown_complete,ENFRENTARLA,false,tvui,2019-01-27 20:52:18
Bernardo,Black Mirror: Bandersnatch,countdown_complete,,false,tvui,2019-01-27 20:51:53
Bernardo,Black Mirror: Bandersnatch,countdown_complete,CONTARLE MÁS,false,tvui,2019-01-27 20:49:31
Bernardo,Black Mirror: Bandersnatch,countdown_complete,CONTARLE MÁS,false,tvui,2019-01-27 20:49:06
Bernardo,Black Mirror: Bandersnatch,countdown_complete,THE NETFLIX 'N' LOGO,false,tvui,2019-01-27 20:48:37
Bernardo,Black Mirror: Bandersnatch,countdown_complete,,false,tvui,2019-01-27 20:48:00
Bernardo,Black Mirror: Bandersnatch,countdown_complete,,false,tvui,2019-01-27 20:45:28
Bernardo,Black Mirror: Bandersnatch,countdown_complete,PEGARLE AL ESCRITORIO,false,tvui,2019-01-27 20:44:34
Bernardo,Black Mirror: Bandersnatch,countdown_interrupted,,false,tvui,2019-01-27 20:40:20
Bernardo,Black Mirror: Bandersnatch,countdown_interrupted,,false,tvui,2019-01-27 20:39:50
Bernardo,Black Mirror: Bandersnatch,countdown_complete,TOMARLAS,false,tvui,2019-01-27 20:38:22
Bernardo,Black Mirror: Bandersnatch,countdown_complete,TIRARSE DE LA OREJA,false,tvui,2019-01-27 20:36:53
Bernardo,Black Mirror: Bandersnatch,countdown_complete,,false,tvui,2019-01-27 20:35:47
Bernardo,Black Mirror: Bandersnatch,countdown_complete,GRITARLE A PAPÁ,false,tvui,2019-01-27 20:34:17
Bernardo,Black Mirror: Bandersnatch,countdown_complete,PHAEDRA,false,tvui,2019-01-27 20:30:59
Bernardo,Black Mirror: Bandersnatch,countdown_complete,,false,tvui,2019-01-27 20:28:49
Bernardo,Black Mirror: Bandersnatch,countdown_interrupted,,false,tvui,2019-01-27 20:27:41
Bernardo,Black Mirror: Bandersnatch,countdown_interrupted,,false,tvui,2019-01-27 20:22:25
Bernardo,Black Mirror: Bandersnatch,countdown_interrupted,VOLVER,false,tvui,2019-01-27 20:21:43
Bernardo,Black Mirror: Bandersnatch,countdown_interrupted,,false,tvui,2019-01-27 20:21:09
Bernardo,Black Mirror: Bandersnatch,countdown_interrupted,,false,tvui,2019-01-27 20:16:51
Bernardo,Black Mirror: Bandersnatch,countdown_interrupted,ESO II,false,tvui,2019-01-27 20:12:15
Bernardo,Black Mirror: Bandersnatch,countdown_interrupted,SUGAR PUFFS,false,tvui,2019-01-27 20:11:23
Bernardo,Black Mirror: Bandersnatch - Game Controller Tutorial,countdown_interrupted,,false,tvui,2019-01-27 20:08:55
Felipe,Choose Love,countdown_complete,,false,www,2023-09-10 21:06:56
Felipe,Choose Love,countdown_complete,,false,www,2023-09-10 21:04:58
Felipe,Choose Love,countdown_complete,,true,www,2023-09-10 21:01:11
Felipe,Choose Love,countdown_complete,,true,www,2023-09-10 20:58:44
Felipe,Choose Love,countdown_complete,,true,www,2023-09-10 20:58:06
Felipe,Choose Love,countdown_complete,,false,www,2023-09-10 20:53:44
Felipe,Choose Love,countdown_complete,,false,www,2023-09-10 20:51:15
Felipe,Choose Love,countdown_complete,,false,www,2023-09-10 20:48:31
Felipe,Choose Love,countdown_complete,,true,www,2023-09-10 20:42:04
Felipe,Choose Love,countdown_complete,,false,www,2023-09-10 20:40:06
Felipe,Choose Love,countdown_complete,,false,www,2023-09-10 20:38:38
Felipe,Choose Love,countdown_complete,,true,www,2023-09-10 20:38:00
Felipe,Choose Love,countdown_complete,,false,www,2023-09-10 20:36:40
Felipe,Choose Love,countdown_interrupted,,false,www,2023-09-10 20:30:15
Felipe,Choose Love,countdown_interrupted,,false,www,2023-09-10 20:28:35
Felipe,Choose Love,countdown_interrupted,,false,www,2023-09-10 20:27:13
Felipe,Choose Love,countdown_interrupted,,false,www,2023-09-10 20:23:01
Felipe,Choose Love,countdown_interrupted,,false,www,2023-09-10 20:18:39
Felipe,Choose Love,countdown_interrupted,,false,www,2023-09-10 20:17:08
Felipe,Choose Love,countdown_complete,,false,www,2023-09-10 20:11:59
Felipe,Choose Love,countdown_interrupted,,false,www,2023-09-10 20:09:16
Felipe,Choose Love,countdown_interrupted,,true,www,2023-09-10 20:08:55
Felipe,Choose Love,countdown_complete,,false,www,2023-09-10 20:04:44
Felipe,Choose Love,countdown_interrupted,,false,www,2023-09-10 20:02:18
Felipe,Choose Love,countdown_interrupted,,false,www,2023-09-10 19:57:47
Felipe,Choose Love,countdown_interrupted,,false,www,2023-09-10 19:54:51
Felipe,Choose Love,countdown_interrupted,,false,www,2023-09-10 19:52:37
Felipe,Choose Love,countdown_interrupted,,false,www,2023-09-10 19:47:44
Felipe,Choose Love,countdown_interrupted,,false,www,2023-09-10 19:43:32
Felipe,Choose Love,countdown_interrupted,,false,www,2023-09-10 19:38:09
Felipe,Choose Love,countdown_interrupted,,false,www,2023-09-10 19:35:29
Felipe,Choose Love,countdown_interrupted,,false,www,2023-09-10 19:29:33
Felipe,Choose Love,countdown_interrupted,,false,www,2023-09-10 19:26:54
Felipe,Choose Love,countdown_interrupted,,false,www,2023-09-10 19:25:45
Felipe,Choose Love,countdown_interrupted,,false,www,2023-09-10 19:21:26
Felipe,Choose Love,countdown_interrupted,,false,www,2023-09-10 19:19:44
Felipe,"Trivia Quest: Season 1: ""Reel Talk""",countdown_interrupted,,false,www,2022-04-02 22:57:52
Felipe,"Trivia Quest: Season 1: ""Reel Talk""",countdown_interrupted,,false,www,2022-04-02 22:56:58
Felipe,"Trivia Quest: Season 1: ""Reel Talk""",countdown_interrupted,,false,www,2022-04-02 22:56:02
Felipe,"Trivia Quest: Season 1: ""Reel Talk""",countdown_interrupted,,false,www,2022-04-02 22:55:47
Felipe,"Trivia Quest: Season 1: ""Reel Talk""",countdown_interrupted,,false,www,2022-04-02 22:55:08
Felipe,"Trivia Quest: Season 1: ""Reel Talk""",countdown_interrupted,,false,www,2022-04-02 22:54:54
Felipe,"Trivia Quest: Season 1: ""Reel Talk""",countdown_interrupted,,false,www,2022-04-02 22:54:25
Felipe,"Trivia Quest: Season 1: ""Reel Talk""",countdown_interrupted,,false,www,2022-04-02 22:54:08
Felipe,"Trivia Quest: Season 1: ""Reel Talk""",countdown_interrupted,,false,www,2022-04-02 22:53:44
Felipe,Cat Burglar,countdown_complete,,false,www,2022-03-13 01:34:49
Felipe,"Minecraft: Story Mode: Season 1: ""The Order of the Stone""",countdown_interrupted,Crear palanca,false,www,2018-12-10 04:07:22
Felipe,"Minecraft: Story Mode: Season 1: ""The Order of the Stone""",countdown_interrupted,Cuenta conmigo.,false,www,2018-12-10 04:06:26
Felipe,"Minecraft: Story Mode: Season 1: ""The Order of the Stone""",countdown_interrupted,"Corre, yo los distraigo.",false,www,2018-12-10 04:04:27
Felipe,"Minecraft: Story Mode: Season 1: ""The Order of the Stone""",countdown_interrupted,Maleza,false,www,2018-12-10 04:02:56
Felipe,"Minecraft: Story Mode: Season 1: ""The Order of the Stone""",countdown_interrupted,Rastro de humo,false,www,2018-12-10 04:02:34
Felipe,"Minecraft: Story Mode: Season 1: ""The Order of the Stone""",countdown_interrupted,Cerdos,false,www,2018-12-10 04:02:17
Felipe,"Minecraft: Story Mode: Season 1: ""The Order of the Stone""",countdown_interrupted,Látigo del guerrero,false,www,2018-12-10 03:59:43
Sergio,Black Mirror: Bandersnatch,countdown_interrupted,,false,www,2019-12-30 04:37:47
Sergio,Black Mirror: Bandersnatch,countdown_interrupted,,false,www,2019-12-30 04:35:38
Sergio,Black Mirror: Bandersnatch,countdown_interrupted,SÍ,false,www,2019-12-30 04:28:59
Sergio,Black Mirror: Bandersnatch,countdown_interrupted,TOY,false,www,2019-12-30 04:27:10
Sergio,Black Mirror: Bandersnatch,countdown_interrupted,SALTAR POR LA VENTANA,false,www,2019-12-30 04:24:38
Sergio,Black Mirror: Bandersnatch,countdown_interrupted,CONTARLE MÁS,false,www,2019-12-30 04:21:53
Sergio,Black Mirror: Bandersnatch,countdown_interrupted,CONTARLE MÁS,false,www,2019-12-30 04:21:29
Sergio,Black Mirror: Bandersnatch,countdown_interrupted,THE NETFLIX 'N' LOGO,false,www,2019-12-30 04:20:59
Sergio,Black Mirror: Bandersnatch,countdown_interrupted,,false,www,2019-12-30 04:18:30
Sergio,Black Mirror: Bandersnatch,countdown_interrupted,VISITAR A LA DRA. HAYNES,false,www,2019-12-30 04:16:28
Sergio,Black Mirror: Bandersnatch,countdown_interrupted,STEFAN,false,www,2019-12-30 04:14:43
Sergio,Black Mirror: Bandersnatch,countdown_interrupted,SÍ,false,www,2019-12-30 04:10:17
Sergio,Black Mirror: Bandersnatch,countdown_interrupted,SEGUIR A COLIN,false,www,2019-12-30 04:06:35
Sergio,Black Mirror: Bandersnatch,countdown_interrupted,RETROCEDER,false,www,2019-12-30 04:05:54
Sergio,Black Mirror: Bandersnatch,countdown_interrupted,,false,www,2019-12-30 04:05:06
Sergio,Black Mirror: Bandersnatch,countdown_interrupted,,false,www,2019-12-30 04:04:25
Sergio,Black Mirror: Bandersnatch,countdown_interrupted,,false,www,2019-12-30 04:03:29
Sergio,Black Mirror: Bandersnatch,countdown_interrupted,,false,www,2019-12-30 04:01:31
Sergio,Black Mirror: Bandersnatch,countdown_interrupted,PEGARLE AL ESCRITORIO,false,www,2019-12-30 03:59:50
Sergio,Black Mirror: Bandersnatch,countdown_interrupted,,false,www,2019-12-30 03:54:41
Sergio,Black Mirror: Bandersnatch,countdown_interrupted,COMERSE LAS UÑAS,false,www,2019-12-30 03:53:04
Sergio,Black Mirror: Bandersnatch,countdown_interrupted,,false,www,2019-12-30 03:52:00
Sergio,Black Mirror: Bandersnatch,countdown_interrupted,GRITARLE A PAPÁ,false,www,2019-12-30 03:50:30
Sergio,Black Mirror: Bandersnatch,countdown_interrupted,PHAEDRA,false,www,2019-12-30 03:47:19
Sergio,Black Mirror: Bandersnatch,countdown_interrupted,,false,www,2019-12-30 03:43:45
Sergio,Black Mirror: Bandersnatch,countdown_interrupted,,false,www,2019-12-30 03:37:50
Sergio,Black Mirror: Bandersnatch,countdown_interrupted,,false,www,2019-12-30 03:33:59
Sergio,Black Mirror: Bandersnatch,countdown_interrupted,THOMPSON TWINS,false,www,2019-12-30 03:29:07
Sergio,Black Mirror: Bandersnatch,countdown_interrupted,FROSTIES,false,www,2019-12-30 03:28:13
Sergio,Black Mirror: Bandersnatch - Remote Control Tutorial,countdown_interrupted,,false,tvui,2019-12-28 17:34:09
