Profile Name,Title Name,Country,Utc Title Add Date
Bernardo,ONE PIECE,Argentina,2023-08-28
Bernardo,Pride and Prejudice and Zombies,Argentina,2023-06-26
Bernardo,Glamorous,Argentina,2023-06-25
Bernardo,Glass Onion: A Knives Out Mystery,Argentina,2022-12-02
Bernardo,Entergalactic,Argentina,2022-09-17
Bernardo,Uncle from Another World,Argentina,2022-09-03
Bernardo,Violet Evergarden,Argentina,2022-09-01
Bernardo,Blue Period,Argentina,2022-09-01
Bernardo,Taxi Driver,Argentina,2022-06-10
Bernardo,Cyberpunk: Edgerunners,Argentina,2022-06-09
Bernardo,Along for the Ride,Argentina,2022-05-10
Bernardo,Bubble,Argentina,2022-05-02
Bernardo,The Lighthouse,Argentina,2022-05-02
Bernardo,Someone Great,Argentina,2022-04-25
Bernardo,Esperando la carroza,Argentina,2022-04-22
Bernardo,The Bombardment,Argentina,2022-04-14
Bernardo,Adam by Eve: A live in Animation,Argentina,2022-03-18
Bernardo,Human Resources,Argentina,2022-03-18
Bernardo,18 Presents,Argentina,2022-03-11
Bernardo,Murderville,Argentina,2022-02-08
Bernardo,Archive 81,Argentina,2022-02-08
Bernardo,The Tinder Swindler,Argentina,2022-02-08
Bernardo,Sylvanian Families Mini Episodes Clover,Argentina,2022-01-04
Bernardo,Robin Robin,Argentina,2022-01-03
Bernardo,Drive,Argentina,2022-01-03
Bernardo,The Summit of the Gods,Argentina,2021-12-21
Bernardo,Anonymously Yours,Argentina,2021-12-11
Bernardo,Mixtape,Argentina,2021-11-23
Bernardo,The Future Diary,Argentina,2021-11-23
Bernardo,All Together Now,Argentina,2021-11-23
Bernardo,Out of my league,Argentina,2021-10-24
Bernardo,Words Bubble Up Like Soda Pop,Argentina,2021-09-13
Bernardo,The Witcher: Nightmare of the Wolf,Argentina,2021-08-25
Bernardo,My First First Love,Argentina,2021-02-02
Bernardo,Godzilla,Argentina,2021-02-01
Bernardo,Love Alarm,Argentina,2021-02-01
Bernardo,Amar,Argentina,2021-02-01
Bernardo,Space Sweepers,Argentina,2021-01-17
Bernardo,Too Handsome to Handle,Argentina,2020-12-29
Bernardo,Cobra Kai,Argentina,2020-12-29
Bernardo,100 Days My Prince,Argentina,2020-12-28
Bernardo,MANK,Argentina,2020-12-28
Bernardo,Sweet Home,Argentina,2020-12-28
Bernardo,Bridgerton,Argentina,2020-12-28
Bernardo,Love Wedding Repeat,Argentina,2020-12-04
Bernardo,Holidate,Argentina,2020-11-05
Bernardo,Blood of Zeus,Argentina,2020-11-04
Bernardo,My Mister,Argentina,2020-11-02
Bernardo,The Queen's Gambit,Argentina,2020-10-31
Bernardo,Over the Moon,Argentina,2020-10-31
Bernardo,La Révolution,Argentina,2020-10-24
Bernardo,A Choo,Argentina,2020-10-22
Bernardo,Kipo and the Age of Wonderbeasts,Argentina,2020-10-20
Bernardo,Blood of Zeus,Argentina,2020-10-14
Bernardo,Holidate,Argentina,2020-10-14
Bernardo,BLACKPINK: Light Up the Sky,Argentina,2020-10-12
Bernardo,Blade Runner 2049,Argentina,2020-10-09
Bernardo,Every Day,Argentina,2020-10-08
Bernardo,Us and Them,Argentina,2020-10-04
Bernardo,How to Talk to Girls at Parties,Argentina,2020-10-04
Bernardo,Enola Holmes,Argentina,2020-10-01
Bernardo,Over the Moon,Argentina,2020-09-29
Bernardo,La Révolution,Argentina,2020-09-29
Bernardo,A Love Song for Latasha,Argentina,2020-09-29
Bernardo,A Choo,Argentina,2020-09-29
Bernardo,Blade Runner 2049,Argentina,2020-09-29
Bernardo,Every Day,Argentina,2020-09-29
Bernardo,The Queen's Gambit,Argentina,2020-09-29
Bernardo,Kipo and the Age of Wonderbeasts,Argentina,2020-09-29
Bernardo,The Devil All The Time,Argentina,2020-09-24
Bernardo,The Social Dilemma,Argentina,2020-09-17
Bernardo,Cargo,Argentina,2020-09-16
Bernardo,I'm Thinking of Ending Things,Argentina,2020-09-12
Bernardo,Cargo,Argentina,2020-09-01
Bernardo,The Social Dilemma,Argentina,2020-09-01
Bernardo,Enola Holmes,Argentina,2020-09-01
Bernardo,The Devil All The Time,Argentina,2020-09-01
Bernardo,I'm Thinking of Ending Things,Argentina,2020-09-01
Bernardo,A Love Song for Latasha,Argentina,2020-09-01
Bernardo,Tune in for Love,Argentina,2020-08-29
Bernardo,Wizards: Tales of Arcadia,Argentina,2020-08-15
Bernardo,Toradora!,Argentina,2020-08-09
Bernardo,Love Story,Argentina,2020-08-09
Bernardo,Transformers: War for Cybertron: Siege,Argentina,2020-08-07
Bernardo,Retablo,Argentina,2020-08-06
Bernardo,Wizards: Tales of Arcadia,Argentina,2020-07-26
Bernardo,Retablo,Argentina,2020-07-26
Bernardo,Transformers: War for Cybertron: Siege,Argentina,2020-07-26
Bernardo,Maudie,Argentina,2020-07-23
Bernardo,Japan Sinks: 2020,Argentina,2020-07-17
Bernardo,Was It Love?,Argentina,2020-07-16
Bernardo,Love Story,Argentina,2020-07-06
Bernardo,Was It Love?,Argentina,2020-07-06
Bernardo,Japan Sinks: 2020,Argentina,2020-07-06
Bernardo,Maudie,Argentina,2020-07-06
Bernardo,Toradora!,Argentina,2020-07-06
Bernardo,One-Way to Tomorrow,Argentina,2020-07-01
Bernardo,Feel the Beat,Argentina,2020-06-17
Bernardo,Da 5 Bloods,Argentina,2020-06-16
Bernardo,Space Force,Argentina,2020-05-31
Bernardo,Control Z,Argentina,2020-05-20
Bernardo,Hollywood,Argentina,2020-05-18
Bernardo,Extracurricular,Argentina,2020-05-01
Bernardo,The Last Dance,Argentina,2020-04-15
Bernardo,The King: Eternal Monarch,Argentina,2020-04-15
Bernardo,The Midnight Gospel,Argentina,2020-04-08
Bernardo,Terrace House: Tokyo 2019-2020,Argentina,2020-03-30
Bernardo,The Willoughbys,Argentina,2020-03-30
Bernardo,Ponyo,Argentina,2020-03-30
Bernardo,Tigertail,Argentina,2020-03-30
Bernardo,Angel Beats!,Argentina,2020-03-25
Bernardo,Redline,Argentina,2020-03-25
Bernardo,From Up on Poppy Hill,Argentina,2020-03-22
Bernardo,Pom Poko,Argentina,2020-03-22
Bernardo,Howl’s Moving Castle,Argentina,2020-03-22
Bernardo,Whisper of the Heart,Argentina,2020-03-22
Bernardo,Community,Argentina,2020-03-22
Bernardo,Crash Landing on You,Argentina,2020-03-19
Bernardo,Unorthodox,Argentina,2020-03-15
Bernardo,El silencio es bienvenido,Argentina,2020-03-15
Bernardo,Crip Camp: A Disability Revolution,Argentina,2020-03-15
Bernardo,The Mire,Argentina,2020-03-15
Bernardo,BEASTARS,Argentina,2020-03-08
Bernardo,The Cat Returns,Argentina,2020-03-07
Bernardo,Arrietty,Argentina,2020-03-07
Bernardo,I Am Not Okay With This,Argentina,2020-02-18
Bernardo,To All the Boys: P.S. I Still Love You,Argentina,2020-02-07
Bernardo,Modest Heroes: Ponoc Short Films Theatre,Argentina,2020-02-04
Bernardo,BoJack Horseman,Argentina,2020-01-26
Bernardo,Fireworks,Argentina,2020-01-26
Bernardo,Kiki’s Delivery Service,Argentina,2020-01-25
Bernardo,Castle in the Sky,Argentina,2020-01-25
Bernardo,Ocean Waves,Argentina,2020-01-25
Bernardo,Only Yesterday,Argentina,2020-01-25
Bernardo,Miss Americana,Argentina,2020-01-25
Bernardo,My Neighbor Totoro,Argentina,2020-01-25
Bernardo,Tales from Earthsea,Argentina,2020-01-25
Bernardo,Uncut Gems,Argentina,2020-01-25
Bernardo,I Lost My Body,Argentina,2020-01-23
Bernardo,Crossroads,Argentina,2020-01-23
Bernardo,Kipo and the Age of Wonderbeasts,Argentina,2020-01-17
Bernardo,John Mulaney & The Sack Lunch Bunch,Argentina,2020-01-01
Bernardo,Marriage Story,Argentina,2019-12-12
Bernardo,The Fate of the Furious,Argentina,2019-11-23
Bernardo,The Judgement,Argentina,2019-11-09
Bernardo,Atlantics,Argentina,2019-10-31
Bernardo,Green Eggs and Ham,Argentina,2019-10-31
Bernardo,We Are the Wave,Argentina,2019-10-31
Bernardo,Atypical,Argentina,2019-10-31
Bernardo,The End of the F***ing World,Argentina,2019-10-31
Bernardo,Toon,Argentina,2019-10-16
Bernardo,Let It Snow,Argentina,2019-10-16
Bernardo,Riverdale,Argentina,2019-10-08
Bernardo,Maleficent,Argentina,2019-09-30
Bernardo,Summer Days with Coo,Argentina,2019-08-11
Bernardo,The Secret Garden,Argentina,2019-08-11
Bernardo,Dead Poets Society,Argentina,2019-08-11
Bernardo,The Space Between Us,Argentina,2019-08-11
Bernardo,Captain Fantastic,Argentina,2019-08-11
Bernardo,Titans,Argentina,2019-08-07
Bernardo,Northern Rescue,Argentina,2019-08-03
Bernardo,The Naked Director,Argentina,2019-08-01
Bernardo,Good Will Hunting,Argentina,2019-07-23
Bernardo,Schindler's List,Argentina,2019-07-23
Bernardo,Aggretsuko,Argentina,2019-07-14
Bernardo,Children Who Chase Lost Voices,Argentina,2019-07-14
Bernardo,Origin: Spirits of the Past,Argentina,2019-07-10
Bernardo,The Lake House,Argentina,2019-07-10
Bernardo,Swiped,Argentina,2019-07-01
Bernardo,John Wick,Argentina,2019-06-26
Bernardo,March Comes in Like a Lion,Argentina,2019-06-12
Bernardo,Dead to Me,Argentina,2019-05-05
Bernardo,American Experience: The Island Murder,Argentina,2019-04-27
Bernardo,The Last Summer,Argentina,2019-04-27
Bernardo,Burning,Argentina,2019-04-27
Bernardo,The Society,Argentina,2019-04-27
Bernardo,My Beautiful Girl Mari,Argentina,2019-04-20
Bernardo,Marvel's Cloak and Dagger,Argentina,2019-04-18
Bernardo,Rilakkuma and Kaoru,Argentina,2019-04-10
Bernardo,The Perfect Date,Argentina,2019-03-30
Bernardo,The Under-Undergrounds,Argentina,2019-03-23
Bernardo,The Girl Who Leapt Through Time,Argentina,2019-03-23
Bernardo,The Great Gilly Hopkins,Argentina,2019-03-16
Bernardo,Traitors,Argentina,2019-03-16
Bernardo,Megalobox,Argentina,2019-02-25
Bernardo,The Kirlian Frequency,Argentina,2019-02-22
Bernardo,Dating Around,Argentina,2019-02-22
Bernardo,The Ballad of Buster Scruggs,Argentina,2019-02-10
Bernardo,Batman Ninja,Argentina,2019-01-15
Bernardo,Taylor Swift reputation Stadium Tour,Argentina,2018-12-31
Bernardo,Sex Education,Argentina,2018-12-12
Bernardo,Forest of Piano,Argentina,2018-12-05
Bernardo,The Dragon Prince,Argentina,2018-12-05
Bernardo,Please Like Me,Argentina,2018-11-21
Bernardo,Accidentally in Love,Argentina,2018-11-01
Bernardo,They’ll Love Me When I’m Dead,Argentina,2018-10-24
Bernardo,Hilda,Argentina,2018-10-07
Bernardo,Marvel's Runaways,Argentina,2018-09-26
Felipe,One Piece Episode of Skypiea,Argentina,2023-08-28
Felipe,Scream,Argentina,2023-08-28
Felipe,Sex Education,Argentina,2023-08-28
Felipe,Happy Ending,Argentina,2023-08-20
Felipe,One Piece Episode of East blue - Luffy and His Four Crewmates' Great Adventure,Argentina,2023-08-20
Felipe,Choose Love,Argentina,2023-08-20
Felipe,Marry My Dead Body,Argentina,2023-07-15
Felipe,Heartstopper,Argentina,2023-07-15
Felipe,Zom 100: Bucket List of the Dead,Argentina,2023-07-11
Felipe,Dancing Queen,Argentina,2023-07-03
Felipe,John Wick: Chapter 2,Argentina,2023-07-02
Felipe,Psycho-Pass,Argentina,2023-07-02
Felipe,My Happy Marriage,Argentina,2023-07-02
Felipe,The Dragon Prince,Argentina,2023-07-02
Felipe,The Politician,Argentina,2023-07-02
Felipe,WHAM!,Argentina,2023-07-02
Felipe,Avatar The Last Airbender,Argentina,2023-06-29
Felipe,Warrior Nun,Argentina,2023-06-29
Felipe,Glamorous,Argentina,2023-06-15
Felipe,Nimona,Argentina,2023-05-29
Felipe,Eldorado: Everything the Nazis Hate,Argentina,2023-05-29
Felipe,ONE PIECE,Argentina,2023-05-29
Felipe,Fake Profile,Argentina,2023-05-28
Felipe,The Ultimatum: Queer Love,Argentina,2023-05-21
Felipe,Muted,Argentina,2023-05-21
Felipe,The Office (U.S.),Argentina,2023-05-21
Felipe,This World Can't Tear Me Down,Argentina,2023-05-21
Felipe,"XO, Kitty",Argentina,2023-05-21
Felipe,The Hunger Games: Catching Fire,Argentina,2023-05-03
Felipe,Hard Feelings,Argentina,2023-04-30
Felipe,2 Hearts,Argentina,2023-04-30
Felipe,PLUTO,Argentina,2023-04-06
Felipe,Pokémon Concierge,Argentina,2023-03-16
Felipe,Mononoke,Argentina,2023-03-07
Felipe,Scream,Argentina,2023-02-24
Felipe,Community Squad,Argentina,2023-02-22
Felipe,Pui Pui Molcar,Argentina,2023-02-19
Felipe,Aggretsuko,Argentina,2023-02-10
Felipe,Girls5eva,Argentina,2023-02-05
Felipe,Your Place or Mine,Argentina,2023-01-27
Felipe,Fanfic,Argentina,2023-01-27
Felipe,Cunk On Earth,Argentina,2023-01-18
Felipe,Rescued by Ruby,Argentina,2023-01-16
Felipe,A Dog's Purpose,Argentina,2023-01-16
Felipe,Physical: 100,Argentina,2023-01-16
Felipe,Dog Gone,Argentina,2023-01-16
Felipe,A Dog's Way Home,Argentina,2023-01-16
Felipe,Smiley,Argentina,2022-12-02
Felipe,Guillermo del Toro’s Pinocchio,Argentina,2022-12-02
Felipe,Glass Onion: A Knives Out Mystery,Argentina,2022-12-02
Felipe,Reign Supreme,Argentina,2022-11-06
Felipe,Inside Job,Argentina,2022-10-27
Felipe,Elite,Argentina,2022-10-23
Felipe,The Dragon Prince,Argentina,2022-10-23
Felipe,Young Royals,Argentina,2022-10-04
Felipe,Dead End: Paranormal Park,Argentina,2022-10-04
Felipe,Dragon Age: Absolution,Argentina,2022-09-28
Felipe,Lookism,Argentina,2022-09-28
Felipe,Everything Calls for Salvation,Argentina,2022-09-28
Felipe,Gudetama: An Eggcellent Adventure,Argentina,2022-09-28
Felipe,exception,Argentina,2022-09-28
Felipe,Romantic Killer,Argentina,2022-09-28
Felipe,Entergalactic,Argentina,2022-09-28
Felipe,Do Revenge,Argentina,2022-09-20
Felipe,Cyberpunk: Edgerunners,Argentina,2022-09-20
Felipe,The Sandman,Argentina,2022-08-22
Felipe,Roald Dahl's Matilda The Musical,Argentina,2022-08-22
Felipe,High Heat,Argentina,2022-08-22
Felipe,Bee and PuppyCat,Argentina,2022-08-13
Felipe,Uncoupled,Argentina,2022-07-27
Felipe,DI4RIES,Argentina,2022-07-27
Felipe,The White Crow,Argentina,2022-07-10
Felipe,Rilakkuma's Theme Park Adventure,Argentina,2022-07-10
Felipe,Farzar,Argentina,2022-06-20
Felipe,First Kill,Argentina,2022-06-06
Felipe,New Heights,Argentina,2022-05-19
Felipe,Twilight's Kiss,Argentina,2022-05-19
Felipe,Welcome to Eden,Argentina,2022-05-08
Felipe,Como caído del cielo,Argentina,2022-04-24
Felipe,Dead End: Paranormal Park,Argentina,2022-04-21
Felipe,White Hot: The Rise & Fall of Abercrombie & Fitch,Argentina,2022-04-12
Felipe,Heartstopper,Argentina,2022-04-12
Felipe,Amalgama,Argentina,2022-04-12
Felipe,Law of Desire,Argentina,2022-04-02
Felipe,Bad Education,Argentina,2022-04-02
Felipe,Agent Elvis,Argentina,2022-03-18
Felipe,Trivia Quest,Argentina,2022-03-18
Felipe,Apollo 10 1/2: A Space Age Childhood,Argentina,2022-03-18
Felipe,Forever Out of My League,Argentina,2022-03-18
Felipe,Bubble,Argentina,2022-03-18
Felipe,A Fantastic Woman,Argentina,2022-03-18
Felipe,Welcome to Waikiki,Argentina,2022-03-18
Felipe,Adam by Eve: A live in Animation,Argentina,2022-03-17
Felipe,Forgive Us Our Trespasses,Argentina,2022-02-09
Felipe,Kissing Game,Argentina,2022-02-09
Felipe,Tall Girl 2,Argentina,2022-02-09
Felipe,Heart Shot,Argentina,2022-02-09
Felipe,The Invisible Thread,Argentina,2022-02-09
Felipe,My Best Friend Anne Frank,Argentina,2022-02-05
Felipe,Summer Heat,Argentina,2022-01-23
Felipe,One of Us Is Lying,Argentina,2022-01-22
Felipe,The Cuphead Show!,Argentina,2022-01-22
Felipe,La leyenda del Charro Negro,Argentina,2022-01-22
Felipe,All of Us Are Dead,Argentina,2022-01-22
Felipe,The Tinder Swindler,Argentina,2022-01-22
Felipe,Love and Leashes,Argentina,2022-01-22
Felipe,Teasing Master Takagi-san,Argentina,2022-01-12
Felipe,All of Us Are Dead,Argentina,2021-12-31
Felipe,Dear Mother,Argentina,2021-12-31
Felipe,Yesterday,Argentina,2021-12-31
Felipe,Arcane,Argentina,2021-12-30
Felipe,3 idiotas,Argentina,2021-12-28
Felipe,Four to Dinner,Argentina,2021-12-28
Felipe,The House,Argentina,2021-12-28
Felipe,Elite Short Stories: Patrick,Argentina,2021-12-28
Felipe,Tokyo Godfathers,Argentina,2021-12-18
Felipe,Rebelde,Argentina,2021-12-10
Felipe,Twentysomethings: Austin,Argentina,2021-12-06
Felipe,Hilda and the Mountain King,Argentina,2021-12-06
Felipe,Kitz,Argentina,2021-12-06
Felipe,Saturday Morning All Star Hits!,Argentina,2021-12-06
Felipe,Don't Look Up,Argentina,2021-12-06
Felipe,Centaurworld,Argentina,2021-12-06
Felipe,Aggretsuko,Argentina,2021-12-06
Felipe,More the Merrier,Argentina,2021-12-01
Felipe,Cobalt Blue,Argentina,2021-11-20
Felipe,Robin Robin,Argentina,2021-11-12
Felipe,Dogs in Space,Argentina,2021-11-11
Felipe,Cowboy Bebop,Argentina,2021-11-11
Felipe,Rebelde,Argentina,2021-11-11
Felipe,Single All The Way,Argentina,2021-11-11
Felipe,Thermae Romae Novae,Argentina,2021-11-11
Felipe,KAKEGURUI TWIN,Argentina,2021-11-11
Felipe,"tick, tick...BOOM!",Argentina,2021-11-07
Felipe,Five Feet Apart,Argentina,2021-11-07
Felipe,BlacKkKlansman,Argentina,2021-10-31
Felipe,Komi Can't Communicate,Argentina,2021-10-04
Felipe,Violet Evergarden the Movie,Argentina,2021-10-04
Felipe,Inside Job,Argentina,2021-10-04
Felipe,Blue Period,Argentina,2021-09-11
Felipe,Love on the Spectrum: Australia,Argentina,2021-09-07
Felipe,Sex Education,Argentina,2021-08-24
Felipe,Brave Animated Series,Argentina,2021-08-24
Felipe,Too Hot To Handle: Latino,Argentina,2021-08-24
Felipe,He's All That,Argentina,2021-08-24
Felipe,Afterlife of the Party,Argentina,2021-08-24
Felipe,Rascal Does Not Dream of Bunny Girl Senpai,Argentina,2021-08-03
Felipe,Centaurworld,Argentina,2021-07-07
Felipe,Boy Erased,Argentina,2021-06-27
Felipe,Masters of the Universe: Revelation,Argentina,2021-06-27
Felipe,BEASTARS,Argentina,2021-06-27
Felipe,The Road to El Dorado,Argentina,2021-06-16
Felipe,Young Royals,Argentina,2021-06-15
Felipe,The Daily Life of the Immortal King,Argentina,2021-06-15
Felipe,Elite Short Stories: Guzmán Caye Rebe,Argentina,2021-05-27
Felipe,Elite Short Stories: Nadia Guzmán,Argentina,2021-05-27
Felipe,Elite,Argentina,2021-05-27
Felipe,Wish Dragon,Argentina,2021-05-27
Felipe,Elite Short Stories: Omar Ander Alexis,Argentina,2021-05-27
Felipe,Elite Short Stories: Carla Samuel,Argentina,2021-05-27
Felipe,Halston,Argentina,2021-05-11
Felipe,Pretty Guardian Sailor Moon Eternal The Movie,Argentina,2021-05-11
Felipe,JoJo's Bizarre Adventure,Argentina,2021-05-11
Felipe,The Circle,Argentina,2021-05-03
Felipe,The Circle - The Afterparty,Argentina,2021-05-01
Felipe,Heaven Official's Blessing,Argentina,2021-04-28
Felipe,JoJo's Bizarre Adventure,Argentina,2021-04-16
Felipe,Dance of the Forty One,Argentina,2021-04-16
Felipe,The Mitchells vs. The Machines,Argentina,2021-04-06
Felipe,Why Are You Like This,Argentina,2021-04-06
Felipe,Perfume Imaginary Museum “Time Warp”,Argentina,2021-03-29
Felipe,My Octopus Teacher,Argentina,2021-03-23
Felipe,Demon Slayer: Kimetsu no Yaiba,Argentina,2021-03-22
Felipe,Pui Pui Molcar,Argentina,2021-03-22
Felipe,A Week Away,Argentina,2021-03-22
Felipe,The Way of the Househusband,Argentina,2021-03-22
Felipe,Ride or Die,Argentina,2021-03-22
Felipe,JoJo's Bizarre Adventure,Argentina,2021-03-20
Felipe,Abla Fahita: Drama Queen,Argentina,2021-03-02
Felipe,Wish You,Argentina,2021-01-31
Felipe,I Care a Lot,Argentina,2021-01-30
Felipe,Tiny Pretty Things,Argentina,2021-01-30
Felipe,Bridgerton,Argentina,2021-01-24
Felipe,The Could’ve-Gone-All-the-Way Committee,Argentina,2021-01-09
Felipe,The African Doctor,Argentina,2021-01-09
Felipe,El Cazador,Argentina,2021-01-09
Felipe,Headspace Guide to Meditation,Argentina,2021-01-07
Felipe,Tiny Pretty Things,Argentina,2020-12-27
Felipe,So My Grandma’s a Lesbian!,Argentina,2020-12-26
Felipe,Your Name Engraved Herein,Argentina,2020-12-02
Felipe,The Prom,Argentina,2020-12-02
Felipe,If Anything Happens I Love You,Argentina,2020-11-13
Felipe,Blood of Zeus,Argentina,2020-11-04
Felipe,Over the Moon,Argentina,2020-10-31
Felipe,Grand Army,Argentina,2020-10-24
Felipe,Someone Has to Die,Argentina,2020-10-24
Felipe,Kipo and the Age of Wonderbeasts,Argentina,2020-10-20
Felipe,Deaf U,Argentina,2020-10-17
Felipe,A Monster Calls,Argentina,2020-10-17
Felipe,Early Man,Argentina,2020-10-14
Felipe,Dogs,Argentina,2020-10-11
Felipe,Psycho-Pass: The Movie,Argentina,2020-10-09
Felipe,Grand Army,Argentina,2020-10-08
Felipe,The Order,Argentina,2020-10-08
Felipe,Deaf U,Argentina,2020-10-08
Felipe,The Boys in the Band,Argentina,2020-10-08
Felipe,Blood of Zeus,Argentina,2020-10-08
Felipe,The Heroes of Evil,Argentina,2020-10-05
Felipe,The Tree of Blood,Argentina,2020-10-05
Felipe,Over the Moon,Argentina,2020-10-04
Felipe,Monty Python's Flying Circus,Argentina,2020-10-03
Felipe,The Prince of Egypt,Argentina,2020-10-03
Felipe,Someone Has to Die,Argentina,2020-10-03
Felipe,Palermo Hollywood,Argentina,2020-10-03
Felipe,Paradise Lost,Argentina,2020-10-03
Felipe,Kipo and the Age of Wonderbeasts,Argentina,2020-10-03
Felipe,Lady Bird,Argentina,2020-09-30
Felipe,Love Jacked,Argentina,2020-09-27
Felipe,DJ Cinderella,Argentina,2020-09-20
Felipe,Julie and the Phantoms,Argentina,2020-09-17
Felipe,Benji,Argentina,2020-09-17
Felipe,Psycho-Pass: The Movie,Argentina,2020-09-16
Felipe,The Boys in the Band,Argentina,2020-09-16
Felipe,Early Man,Argentina,2020-09-13
Felipe,Dancing Queen,Argentina,2020-09-13
Felipe,Lady Bird,Argentina,2020-09-13
Felipe,The Promised Neverland,Argentina,2020-09-09
Felipe,Erased,Argentina,2020-09-09
Felipe,Parasite,Argentina,2020-09-09
Felipe,Aggretsuko,Argentina,2020-09-04
Felipe,Great Pretender,Argentina,2020-08-28
Felipe,John Was Trying to Contact Aliens,Argentina,2020-08-28
Felipe,Aggretsuko,Argentina,2020-08-16
Felipe,Parasite,Argentina,2020-08-16
Felipe,Erased,Argentina,2020-08-16
Felipe,The Promised Neverland,Argentina,2020-08-16
Felipe,Work It,Argentina,2020-08-15
Felipe,Sing On! Germany,Argentina,2020-08-15
Felipe,The Legend of Korra,Argentina,2020-08-14
Felipe,RuPaul's Secret Celebrity Drag Race,Argentina,2020-08-14
Felipe,John Was Trying to Contact Aliens,Argentina,2020-08-12
Felipe,Toradora!,Argentina,2020-08-09
Felipe,Great Pretender,Argentina,2020-08-08
Felipe,Rita,Argentina,2020-08-04
Felipe,Wonder,Argentina,2020-08-03
Felipe,Sing On! Germany,Argentina,2020-08-03
Felipe,Work It,Argentina,2020-07-29
Felipe,Sing On! Spain,Argentina,2020-07-29
Felipe,Terror in Resonance,Argentina,2020-07-29
Felipe,Japan Sinks: 2020,Argentina,2020-07-17
Felipe,The Assassination of Gianni Versace,Argentina,2020-07-16
Felipe,A Whisker Away,Argentina,2020-07-13
Felipe,BNA,Argentina,2020-07-08
Felipe,Hi Score Girl,Argentina,2020-07-07
Felipe,Toradora!,Argentina,2020-07-06
Felipe,Japan Sinks: 2020,Argentina,2020-07-06
Felipe,BNA,Argentina,2020-06-16
Felipe,Grease,Argentina,2020-05-04
Felipe,Parasyte: The Maxim,Argentina,2020-04-29
Felipe,Circus of Books,Argentina,2020-04-27
Felipe,Unorthodox,Argentina,2020-04-19
Felipe,Loving Annabelle,Argentina,2020-04-13
Felipe,The Half Of It,Argentina,2020-04-13
Felipe,Outer Banks,Argentina,2020-04-13
Felipe,RuPaul’s Drag Race: Untucked!,Argentina,2020-04-13
Felipe,Q-Force,Argentina,2020-04-13
Felipe,A Secret Love,Argentina,2020-04-13
Felipe,Hollywood,Argentina,2020-04-13
Felipe,Miss Americana,Argentina,2020-04-13
Felipe,The Midnight Gospel,Argentina,2020-04-07
Felipe,Pom Poko,Argentina,2020-03-20
Felipe,When Marnie Was There,Argentina,2020-03-20
Felipe,Howl’s Moving Castle,Argentina,2020-03-20
Felipe,From Up on Poppy Hill,Argentina,2020-03-20
Felipe,The Wind Rises,Argentina,2020-03-20
Felipe,Community,Argentina,2020-03-20
Felipe,Ponyo,Argentina,2020-03-20
Felipe,Whisper of the Heart,Argentina,2020-03-20
Felipe,Tootsies & The Fake,Argentina,2020-03-03
Felipe,I am Jonas,Argentina,2020-03-01
Felipe,BEASTARS,Argentina,2020-03-01
Felipe,Children Who Chase Lost Voices,Argentina,2020-02-17
Felipe,My Beautiful Girl Mari,Argentina,2020-02-17
Felipe,La La Land,Argentina,2020-02-17
Felipe,The Cat Returns,Argentina,2020-02-16
Felipe,Spirited Away,Argentina,2020-02-16
Felipe,Pokémon: Mewtwo Strikes Back - Evolution,Argentina,2020-02-16
Felipe,My Neighbors the Yamadas,Argentina,2020-02-16
Felipe,Arrietty,Argentina,2020-02-16
Felipe,Nausicaä of the Valley of the Wind,Argentina,2020-02-16
Felipe,The Tale of The Princess Kaguya,Argentina,2020-02-16
Felipe,Princess Mononoke,Argentina,2020-02-16
Felipe,Magic Mike XXL,Argentina,2020-02-13
Felipe,Glitch Techs,Argentina,2020-02-13
Felipe,Dragon Quest Your Story,Argentina,2020-02-13
Felipe,Yeh Ballet,Argentina,2020-02-13
Felipe,Dirty Dancing,Argentina,2020-01-25
Felipe,Clueless,Argentina,2020-01-25
Felipe,Call My Agent!,Argentina,2020-01-24
Felipe,Porco Rosso,Argentina,2020-01-21
Felipe,Tales from Earthsea,Argentina,2020-01-21
Felipe,Castle in the Sky,Argentina,2020-01-21
Felipe,Monthly Girls' Nozaki Kun,Argentina,2020-01-21
Felipe,The Little Prince,Argentina,2020-01-21
Felipe,Only Yesterday,Argentina,2020-01-21
Felipe,My Neighbor Totoro,Argentina,2020-01-21
Felipe,Ocean Waves,Argentina,2020-01-21
Felipe,Kiki’s Delivery Service,Argentina,2020-01-21
Felipe,Ragnarok,Argentina,2020-01-07
Felipe,See You Yesterday,Argentina,2020-01-07
Felipe,NiNoKuni,Argentina,2020-01-07
Felipe,Les Misérables,Argentina,2020-01-05
Felipe,John Mulaney & The Sack Lunch Bunch,Argentina,2020-01-05
Felipe,Into the Woods,Argentina,2020-01-05
Felipe,Shrek the Musical,Argentina,2020-01-05
Felipe,Spinning Out,Argentina,2020-01-03
Felipe,Lost in Space,Argentina,2020-01-03
Felipe,The Neighbor,Argentina,2020-01-03
Felipe,Pokémon the Movie: The Power of Us,Argentina,2020-01-01
Felipe,AJ and the Queen,Argentina,2020-01-01
Felipe,Saturday Night Fever,Argentina,2020-01-01
Felipe,Scissor Seven,Argentina,2020-01-01
Felipe,Kipo and the Age of Wonderbeasts,Argentina,2020-01-01
Felipe,The Witcher,Argentina,2019-12-18
Felipe,"No Game, No Life the Movie: Zero",Argentina,2019-12-18
Felipe,Psycho-Pass,Argentina,2019-12-15
Felipe,No Game No Life,Argentina,2019-11-18
Felipe,Miraculous: Tales of Ladybug & Cat Noir,Argentina,2019-11-18
Felipe,Klaus,Argentina,2019-11-18
Felipe,I Lost My Body,Argentina,2019-11-18
Felipe,Nobody's Looking,Argentina,2019-11-13
Felipe,Dumplin',Argentina,2019-11-13
Felipe,The Stranded,Argentina,2019-11-13
Felipe,The Knight Before Christmas,Argentina,2019-11-13
Felipe,Ad Vitam,Argentina,2019-11-13
Felipe,El Camino: A Breaking Bad Movie,Argentina,2019-11-04
Felipe,The End of the F***ing World,Argentina,2019-10-30
Felipe,Let It Snow,Argentina,2019-10-30
Felipe,Daybreak,Argentina,2019-10-30
Felipe,Mobile Suit Gundam: Iron-Blooded Orphans,Argentina,2019-10-29
Felipe,Euphoria,Argentina,2019-10-23
Felipe,The House of Flowers,Argentina,2019-10-20
Felipe,Seventeen,Argentina,2019-10-20
Felipe,Raising Dion,Argentina,2019-10-17
Felipe,The OA,Argentina,2019-10-10
Felipe,Pose,Argentina,2019-09-22
Felipe,The King's Avatar,Argentina,2019-09-22
Felipe,The Politician,Argentina,2019-09-15
Felipe,CAROLE & TUESDAY,Argentina,2019-09-15
Felipe,Rilakkuma and Kaoru,Argentina,2019-08-23
Felipe,After Life,Argentina,2019-08-18
Felipe,45 rpm,Argentina,2019-08-18
Felipe,To All the Boys I’ve Loved Before,Argentina,2019-08-18
Felipe,Invader Zim: Enter the Florpus,Argentina,2019-08-18
Felipe,Mean Girls 2,Argentina,2019-08-14
Felipe,EVANGELION: DEATH (TRUE)²,Argentina,2019-08-10
Felipe,DRAGON PILOT: Hisone & Masotan,Argentina,2019-08-10
Felipe,Captain America: Civil War,Argentina,2019-08-10
Felipe,Sword Art Online Alternative: Gun Gale Online,Argentina,2019-08-10
Felipe,Big Fish & Begonia,Argentina,2019-08-10
Felipe,A Silent Voice,Argentina,2019-08-10
Felipe,Angel Beats!,Argentina,2019-08-10
Felipe,Tuca & Bertie,Argentina,2019-08-10
Felipe,Rocko's Modern Life: Static Cling,Argentina,2019-08-10
Felipe,One-Punch Man,Argentina,2019-08-10
Felipe,Anohana: The Flower We Saw That Day,Argentina,2019-08-10
Felipe,Twelve Forever,Argentina,2019-08-08
Felipe,Neon Genesis Evangelion,Argentina,2019-07-05
Felipe,The End of Evangelion,Argentina,2019-07-05
Felipe,The Girl Who Leapt Through Time,Argentina,2019-07-05
Felipe,March Comes in Like a Lion,Argentina,2019-06-16
Felipe,BONDING,Argentina,2019-04-24
Felipe,The Judgement,Argentina,2019-04-24
Felipe,WHAT / IF,Argentina,2019-04-24
Felipe,Unauthorized Living,Argentina,2019-04-14
Felipe,Special,Argentina,2019-04-08
Felipe,Dear Ex,Argentina,2019-04-08
Felipe,Osmosis,Argentina,2019-04-02
Felipe,Bangkok Love Stories: Innocence,Argentina,2019-04-02
Felipe,Who Would You Take to a Deserted Island?,Argentina,2019-04-02
Felipe,Margarita with a Straw,Argentina,2019-03-24
Felipe,The Third Party,Argentina,2019-03-24
Felipe,Taylor Swift reputation Stadium Tour,Argentina,2019-01-29
Felipe,Wolf Children,Argentina,2019-01-03
Felipe,Shameless,Argentina,2018-11-25
Felipe,Other People,Argentina,2018-11-23
Felipe,Violet Evergarden: Special,Argentina,2018-11-18
Felipe,Elite,Argentina,2018-10-20
Felipe,The Dragon Prince,Argentina,2018-09-24
Felipe,Koi... Mil Gaya,Argentina,2018-09-23
Felipe,Hilda,Argentina,2018-09-22
Ceci,The Queen of Flow,Argentina,2021-08-29
Ceci,The Mole Agent,Argentina,2021-02-14
Ceci,María Magdalena,Argentina,2019-06-10
Ceci,When They See Us,Argentina,2019-06-09
Sergio,Inventing Anna,Argentina,2023-06-19
Sergio,Extraordinary Attorney Woo,Argentina,2023-06-19
Sergio,Bodyguard,Argentina,2023-06-19
Sergio,Family Reunion,Argentina,2020-01-19
Sergio,Personal Shopper,Argentina,2020-01-16
Sergio,The Ministry of Time,Argentina,2019-11-17
Sergio,Who Would You Take to a Deserted Island?,Argentina,2019-04-14
Sergio,Sex Education,Argentina,2019-01-11
Sergio,Genius,Argentina,2019-01-09
Sergio,The Glass House,Argentina,2019-01-03
Sergio,Kubo and the Two Strings,Argentina,2019-01-03
Sergio,Sophie's Choice,Argentina,2019-01-03
Sergio,ROMA,Argentina,2019-01-03
Sergio,The Official Story,Argentina,2019-01-03
Sergio,Black Mirror: Bandersnatch,Argentina,2019-01-03
Sergio,Okja,Argentina,2019-01-03
Sergio,Touch of Evil,Argentina,2019-01-03
Sergio,Oldboy,Argentina,2019-01-03
Sergio,The Ballad of Buster Scruggs,Argentina,2019-01-03
Sergio,The Stranger,Argentina,2019-01-03
Sergio,The Help,Argentina,2019-01-03
Sergio,Léon: The Professional,Argentina,2019-01-03
Sergio,The Boy and the Beast,Argentina,2019-01-03
Sergio,Pulp Fiction,Argentina,2019-01-03
Sergio,The Breakfast Club,Argentina,2019-01-03
Sergio,Woman in Charge,Argentina,2018-11-25
Sergio,Narcos: Mexico,Argentina,2018-11-25
Sergio,Frida,Argentina,2018-10-13
