Profile Name,Title Name,Rating Type,Star Value,Thumbs Value,Device Model,Event Utc Ts,Region View Date
Bernardo,Cyberpunk: Edgerunners,thumb,,3,HTML 5,2022-10-27 23:11:43,
Bernardo,Heartstopper,thumb,,2,HTML 5,2022-06-19 20:26:42,
Bernardo,Metal Lords,thumb,,2,HTML 5,2022-06-19 20:26:31,
Bernardo,Toradora!,thumb,,2,HTML 5,2022-06-09 13:41:01,
Bernardo,Burning,thumb,,2,HTML 5,2022-04-24 16:40:49,
Bernardo,The House,thumb,,2,HTML 5,2022-03-18 12:25:40,
Bernardo,Spider-Man: Into the Spider-Verse,thumb,,2,HTML 5,2022-03-06 06:28:09,
Bernardo,jeen-yuhs: A Kanye Trilogy,thumb,,2,HTML 5,2022-02-20 21:21:44,
Bernardo,Eternal Sunshine of the Spotless Mind,thumb,,2,HTML 5,2022-02-09 11:41:20,
Bernardo,Eighth Grade,thumb,,2,HTML 5,2021-11-24 05:11:57,
Bernardo,The Legend of Korra,thumb,,2,HTML 5,2021-11-24 05:10:59,
Bernardo,Arcane,thumb,,2,HTML 5,2021-11-20 11:04:08,
Bernardo,Five Feet Apart,thumb,,2,HTML 5,2021-11-20 08:53:20,
Bernardo,DASH & LILY,thumb,,2,HTML 5,2021-11-18 23:06:21,
Bernardo,Parasite,thumb,,2,HTML 5,2021-09-25 07:29:55,
Bernardo,Us,thumb,,2,HTML 5,2021-09-25 07:29:54,
Bernardo,Spider-Man,thumb,,2,HTML 5,2021-09-25 07:29:52,
Bernardo,Canvas,thumb,,2,HTML 5,2021-09-13 16:07:31,
Bernardo,Bo Burnham: Inside,thumb,,2,HTML 5,2021-06-04 01:05:15,
Bernardo,The Mitchells vs. The Machines,thumb,,2,HTML 5,2021-05-29 21:17:46,
Bernardo,Ponyo,thumb,,2,HTML 5,2021-05-25 00:29:31,
Bernardo,The Matrix,thumb,,2,HTML 5,2021-02-01 00:04:44,
Bernardo,Rocky,thumb,,2,HTML 5,2021-02-01 00:04:08,
Bernardo,Moneyball,thumb,,2,PS4,2021-01-26 15:19:59,
Bernardo,100 Humans,thumb,,1,HTML 5,2021-01-11 11:21:42,
Bernardo,Rilakkuma and Kaoru,thumb,,2,HTML 5,2021-01-09 07:32:16,
Bernardo,The Secret,thumb,,1,Android Phone,2021-01-05 15:50:58,
Bernardo,Cobra Kai,thumb,,2,HTML 5,2021-01-03 08:43:43,
Bernardo,The Secret: Dare to Dream,thumb,,1,PS4,2021-01-01 07:21:02,
Bernardo,Neighbors,thumb,,2,HTML 5,2020-12-04 14:57:50,
Bernardo,Marriage Story,thumb,,2,HTML 5,2020-12-04 14:56:24,
Bernardo,The Midnight Gospel,thumb,,2,HTML 5,2020-12-02 13:59:13,
Bernardo,Over the Moon,thumb,,2,HTML 5,2020-11-21 14:18:17,
Bernardo,The Queen's Gambit,thumb,,2,PS4,2020-11-01 23:20:09,
Bernardo,Akira,thumb,,2,PS4,2020-10-24 22:31:02,
Bernardo,BLACKPINK: Light Up the Sky,thumb,,2,Android Phone,2020-10-14 08:38:08,
Bernardo,The Social Dilemma,thumb,,2,Android Phone,2020-09-20 03:59:47,
Bernardo,The Last Airbender,thumb,,1,Android Phone,2020-07-13 10:21:11,
Bernardo,Baby Driver,thumb,,2,Android Phone,2020-07-04 18:12:51,
Bernardo,Community,thumb,,2,Android Phone,2020-05-23 18:50:56,
Bernardo,Space Jam,thumb,,2,Android Phone,2020-05-10 05:36:36,
Bernardo,The Last Dance,thumb,,2,Android Phone,2020-04-20 16:10:20,
Bernardo,BEASTARS,thumb,,2,PS4,2020-04-19 15:58:39,
Bernardo,The Tale of The Princess Kaguya,thumb,,2,PS4,2020-04-19 15:58:11,
Bernardo,Castle in the Sky,thumb,,2,Android Phone,2020-04-10 04:33:21,
Bernardo,Kiki’s Delivery Service,thumb,,2,Android Phone,2020-04-10 04:33:16,
Bernardo,Whisper of the Heart,thumb,,2,Android Phone,2020-04-10 04:33:06,
Bernardo,Crip Camp: A Disability Revolution,thumb,,2,Android Phone,2020-03-26 06:23:46,
Bernardo,Modest Heroes: Ponoc Short Films Theatre,thumb,,2,PS4,2020-03-25 03:20:02,
Bernardo,Persona,thumb,,2,Android Phone,2020-03-23 04:04:52,
Bernardo,Nausicaä of the Valley of the Wind,thumb,,2,PS4,2020-03-19 19:46:34,
Bernardo,I Think You Should Leave with Tim Robinson,thumb,,2,PS4,2020-03-19 19:46:16,
Bernardo,The Edge of Seventeen,thumb,,2,PS4,2020-02-07 20:43:22,
Bernardo,La La Land,thumb,,2,PS4,2020-02-07 20:41:37,
Bernardo,The Witcher,thumb,,2,PS4,2020-02-06 10:45:43,
Bernardo,Kipo and the Age of Wonderbeasts,thumb,,2,PS4,2020-02-04 09:46:32,
Bernardo,Miss Americana,thumb,,2,PS4,2020-02-01 18:18:25,
Bernardo,I Lost My Body,thumb,,2,Android Phone,2020-01-23 06:27:14,
Bernardo,Prank Encounters,thumb,,1,Android Phone,2019-11-27 16:17:39,
Bernardo,The Prestige,thumb,,2,PS4,2019-08-11 18:25:11,
Bernardo,Swiped,thumb,,1,Android Phone,2019-07-23 20:42:14,
Bernardo,A Silent Voice,thumb,,2,PS4,2019-07-10 01:06:40,
Bernardo,Mulan,thumb,,2,PS4,2019-07-08 00:32:38,
Bernardo,Death Note,thumb,,2,PS4,2019-06-02 20:36:26,
Bernardo,The Count of Monte Cristo,thumb,,2,PS4,2019-05-21 21:48:34,
Bernardo,The Dragon Prince,thumb,,2,Android Phone,2019-02-25 12:06:08,
Bernardo,Empire of Dreams: The Story of the Star Wars Trilogy,thumb,,2,PS4,2019-02-06 05:24:36,
Bernardo,Hardcore Henry,thumb,,2,PS4,2019-02-06 00:20:49,
Bernardo,FYRE: The Greatest Party That Never Happened,thumb,,2,PS4,2019-02-04 17:57:30,
Bernardo,Pitch Perfect,thumb,,2,PS4,2019-02-04 08:28:27,
Bernardo,Black Mirror: Bandersnatch,thumb,,2,PS4,2019-02-03 04:38:30,
Bernardo,Castlevania,thumb,,2,PS4,2019-02-03 04:38:19,
Bernardo,Friends from College,thumb,,2,PS4,2019-02-03 04:38:16,
Bernardo,The Package,thumb,,2,PS4,2019-01-18 16:42:14,
Bernardo,Birdman or (The Unexpected Virtue of Ignorance),thumb,,2,PS4,2019-01-18 16:41:48,
Bernardo,The Lobster,thumb,,2,PS4,2019-01-18 16:41:38,
Bernardo,Sex Education,thumb,,2,Android Phone,2019-01-12 09:58:12,
Bernardo,Taylor Swift reputation Stadium Tour,thumb,,2,HTML 5,2019-01-01 07:10:03,
Bernardo,Wolf Children,thumb,,2,PS4,2018-12-26 07:12:34,
Bernardo,Sing Street,thumb,,2,Android Phone,2018-12-24 17:14:28,
Bernardo,The Truman Show,thumb,,2,Android Phone,2018-12-23 08:34:42,
Bernardo,Please Like Me,thumb,,2,PS4,2018-11-21 04:01:47,
Bernardo,12 Years a Slave,thumb,,2,PS4,2018-11-21 02:16:59,
Bernardo,Marvel's Runaways,thumb,,2,HTML 5,2018-11-12 00:30:26,
Bernardo,Big Mouth,thumb,,2,HTML 5,2018-11-12 00:30:09,
Bernardo,The Good Place,thumb,,2,HTML 5,2018-11-11 03:21:02,
Bernardo,Hilda,thumb,,2,PS4,2018-10-07 01:33:02,
Bernardo,Set It Up,thumb,,2,PS4,2018-09-23 20:38:33,
Bernardo,When We First Met,thumb,,1,HTML 5,2018-09-06 05:31:42,
Bernardo,To All the Boys I’ve Loved Before,thumb,,2,HTML 5,2018-09-04 07:44:39,
Bernardo,Bad Neighbours 2,thumb,,2,PS4,2018-07-23 02:18:48,
Bernardo,Bo Burnham: Make Happy,thumb,,2,PS4,2018-07-19 00:39:36,
Bernardo,Unfriended,thumb,,1,PS4,2018-05-30 03:19:25,
Bernardo,Blue Valentine,thumb,,2,PS4,2018-05-30 02:55:47,
Bernardo,Candy Jar,thumb,,2,Android Phone,2018-04-30 23:57:38,
Bernardo,Emo the Musical,thumb,,2,PS4,2018-04-22 23:27:45,
Bernardo,Straight Outta Compton,thumb,,2,Android Phone,2018-04-17 04:13:57,
Bernardo,Dave Chappelle: Equanimity & The Bird Revelation,thumb,,2,Android Phone,2018-04-15 21:20:49,
Bernardo,Room,thumb,,2,Android Phone,2018-03-31 03:36:39,
Bernardo,How to Train Your Dragon,thumb,,2,PS4,2018-03-08 22:46:15,
Bernardo,How to Train Your Dragon 2,thumb,,2,PS4,2018-03-08 22:40:13,
Bernardo,Whiplash,thumb,,2,PS4,2018-03-08 22:40:11,
Bernardo,Dashavatar: Every Era Has a Hero,thumb,,2,PS4,2018-03-08 22:30:37,
Bernardo,Devilman Crybaby,thumb,,2,PS4,2018-02-28 22:56:55,
Bernardo,Beyond Stranger Things,thumb,,2,PS4,2018-02-27 17:33:11,
Bernardo,Never Let Me Go,thumb,,2,PS4,2018-02-22 06:57:22,
Bernardo,Young Justice,thumb,,2,PS4,2018-02-20 00:39:56,
Bernardo,What If,thumb,,2,PS4,2018-02-20 00:39:28,
Bernardo,Inside Llewyn Davis,thumb,,2,PS4,2018-02-19 21:03:59,
Bernardo,Wet Hot American Summer,thumb,,2,PS4,2018-02-19 02:56:06,
Bernardo,The Joel McHale Show with Joel McHale,thumb,,2,PS4,2018-02-19 00:59:07,
Bernardo,Everything Sucks!,thumb,,2,PS4,2018-02-17 08:19:58,
Bernardo,Stuck in Love,thumb,,2,PS4,2018-02-16 05:25:52,
Bernardo,Iron Man,thumb,,2,PS4,2018-02-16 01:18:12,
Bernardo,Lovesick,thumb,,2,PS4,2018-02-15 02:40:54,
Bernardo,Kung Fu Panda 2,thumb,,2,PS4,2018-02-13 19:47:33,
Bernardo,Kung Fu Panda,thumb,,2,PS4,2018-02-13 19:47:06,
Bernardo,Riverdale,thumb,,2,PS4,2018-02-13 19:46:42,
Bernardo,"Bianca come il latte, rossa come il sangue",thumb,,1,Android Phone,2018-01-28 09:57:11,
Bernardo,Frank,thumb,,2,Android Phone,2018-01-28 09:50:51,
Bernardo,Up in the Air,thumb,,2,Android Phone,2018-01-25 13:28:49,
Bernardo,Dramaworld,thumb,,2,Android Phone,2018-01-25 12:53:20,
Bernardo,Arrow,thumb,,2,Android Phone,2018-01-15 00:08:34,
Bernardo,Sixteen Candles,thumb,,2,Android Phone,2018-01-12 00:48:04,
Bernardo,The End of the F***ing World,thumb,,2,Android Phone,2018-01-06 22:42:28,
Bernardo,"Love, Rosie",thumb,,2,Android Phone,2018-01-04 23:39:13,
Bernardo,Coin Heist,thumb,,2,Android Phone,2018-01-03 22:13:50,
Bernardo,Friends,thumb,,2,Android Phone,2018-01-02 19:42:54,
Bernardo,Copenhagen,thumb,,2,Android Phone,2018-01-01 08:52:51,
Bernardo,Some Girl (s),thumb,,2,Android Phone,2018-01-01 04:55:47,
Bernardo,Jessica Darling's It List,thumb,,2,Android Phone,2017-12-31 17:32:35,
Bernardo,Hachi: A Dog's Tale,thumb,,2,Android Phone,2017-12-31 00:32:14,
Bernardo,iZombie,thumb,,2,Android Phone,2017-12-23 08:10:59,
Bernardo,American Vandal,thumb,,2,PS4,2017-12-16 05:35:48,
Bernardo,Your Name,thumb,,2,PS4,2017-12-12 01:38:46,
Bernardo,The Amazing Spider-Man 2,thumb,,2,Android Phone,2017-11-30 11:29:41,
Bernardo,The Avengers,thumb,,2,Android Phone,2017-11-30 11:29:26,
Bernardo,Breaking Bad,thumb,,2,Android Phone,2017-11-30 11:28:10,
Bernardo,Gravity Falls,thumb,,2,Android Phone,2017-11-30 11:28:02,
Bernardo,Stranger Things,thumb,,2,Android Phone,2017-11-19 15:31:17,
Bernardo,1922,thumb,,2,Android Phone,2017-10-31 23:30:10,
Bernardo,The Get Down,thumb,,2,Android Phone,2017-10-21 16:02:00,
Bernardo,The People vs. O.J. Simpson,thumb,,2,Android Phone,2017-10-21 16:01:23,
Bernardo,Dave Chappelle,thumb,,2,Android Phone,2017-10-17 23:56:08,
Bernardo,Enchanted,thumb,,2,Android Phone,2017-10-15 07:05:15,
Bernardo,Avatar: The Last Airbender,thumb,,2,Android Phone,2017-10-15 07:02:40,
Bernardo,Palm Trees in the Snow,thumb,,2,Android Phone,2017-10-13 16:03:53,
Bernardo,Love,thumb,,2,Android Phone,2017-10-13 07:17:24,
Bernardo,Memento,thumb,,2,Android Phone,2017-10-03 04:29:51,
Bernardo,Suits,thumb,,2,Android Phone,2017-10-03 04:28:49,
Bernardo,One-Punch Man,thumb,,2,Android Phone,2017-10-01 23:07:35,
Bernardo,Gotham,thumb,,2,Android Phone,2017-09-17 23:28:54,
Bernardo,Mean Girls,thumb,,2,Android Phone,2017-09-17 20:44:02,
Bernardo,ParaNorman,thumb,,2,Android Phone,2017-09-17 20:43:47,
Bernardo,Pitch Perfect 2,thumb,,2,Android Phone,2017-09-17 20:42:21,
Bernardo,Middle School: The Worst Years of My Life,thumb,,2,Android Phone,2017-09-17 20:36:14,
Bernardo,Greenhouse Academy,thumb,,2,Android Phone,2017-09-16 19:31:49,
Bernardo,The Outcasts,thumb,,2,Android Phone,2017-09-02 08:44:14,
Bernardo,School of Rock,thumb,,2,Android Phone,2017-07-29 07:39:15,
Bernardo,Prisoners,thumb,,2,Android Phone,2017-07-29 07:37:10,
Bernardo,The Amazing Spider-Man,thumb,,2,Android Phone,2017-07-15 23:09:08,
Bernardo,Spider-Man 2,thumb,,2,Android Phone,2017-07-15 23:09:04,
Bernardo,Marvel's Daredevil,thumb,,2,Android Phone,2017-07-01 19:13:42,
Bernardo,Dredd,thumb,,2,Android Phone,2017-07-01 19:13:28,
Bernardo,Watchmen,thumb,,2,Android Phone,2017-07-01 19:13:20,
Bernardo,Zombieland,thumb,,2,Android Phone,2017-07-01 19:13:09,
Bernardo,Kick-Ass,thumb,,2,Android Phone,2017-07-01 19:13:04,
Bernardo,Scott Pilgrim vs. the World,thumb,,2,Android Phone,2017-07-01 19:12:58,
Bernardo,Zack and Miri Make a Porno,thumb,,2,Android Phone,2017-07-01 19:12:50,
Bernardo,Superbad,thumb,,2,Android Phone,2017-07-01 19:12:44,
Bernardo,This Is the End,thumb,,2,Android Phone,2017-07-01 19:12:32,
Bernardo,Friends with Benefits,thumb,,2,Android Phone,2017-07-01 19:11:45,
Bernardo,27 Dresses,thumb,,2,Android Phone,2017-07-01 19:10:08,
Bernardo,The First Time,thumb,,2,Android Phone,2017-07-01 19:09:30,
Bernardo,"Crazy, Stupid, Love.",thumb,,2,Android Phone,2017-06-15 17:17:06,
Bernardo,Silver Linings Playbook,thumb,,2,Android Phone,2017-06-15 17:15:50,
Bernardo,The Spectacular Now,thumb,,2,Android Phone,2017-06-15 17:14:59,
Bernardo,Freaks and Geeks,thumb,,2,Android Phone,2017-06-15 17:14:23,
Bernardo,The Perks of Being a Wallflower,thumb,,2,Android Phone,2017-06-15 17:13:54,
Bernardo,Flipped,thumb,,2,Android Phone,2017-06-15 17:13:44,
Bernardo,Django Unchained,thumb,,2,Android Phone,2017-06-15 17:07:42,
Bernardo,Pulp Fiction,thumb,,2,Android Phone,2017-06-15 17:07:34,
Bernardo,The Wolf of Wall Street,thumb,,2,Android Phone,2017-06-15 17:07:18,
Bernardo,Up,thumb,,2,Android Phone,2017-06-15 17:05:22,
Bernardo,WALL-E,thumb,,2,Android Phone,2017-06-15 17:05:15,
Bernardo,The Incredibles,thumb,,2,Android Phone,2017-06-15 17:05:06,
Bernardo,Alice in Wonderland,thumb,,1,Android Phone,2017-06-10 06:03:23,
Bernardo,Hocus Pocus,thumb,,2,Android Phone,2017-06-10 06:03:07,
Bernardo,"The Chronicles of Narnia: The Lion, the Witch & the Wardrobe",thumb,,2,Android Phone,2017-06-10 06:02:51,
Bernardo,The Chronicles of Narnia: Prince Caspian,thumb,,2,Android Phone,2017-06-10 06:02:45,
Bernardo,Sky High,thumb,,2,Android Phone,2017-06-10 06:02:36,
Bernardo,The Simpsons Movie,thumb,,2,Android Phone,2017-06-10 06:02:29,
Bernardo,Saving Mr. Banks,thumb,,2,Android Phone,2017-06-10 06:02:20,
Bernardo,The Theory of Everything,thumb,,2,Android Phone,2017-06-10 06:02:13,
Bernardo,Unbroken,thumb,,2,Android Phone,2017-06-10 06:02:02,
Bernardo,Hacksaw Ridge,thumb,,2,Android Phone,2017-06-10 06:01:57,
Bernardo,Captain America: The First Avenger,thumb,,2,Android Phone,2017-06-10 06:01:48,
Bernardo,Captain America: The Winter Soldier,thumb,,2,Android Phone,2017-06-10 06:01:43,
Bernardo,The Dark Knight Rises,thumb,,2,Android Phone,2017-06-10 06:01:37,
Bernardo,The Social Network,thumb,,2,Android Phone,2017-06-10 06:01:29,
Bernardo,Fight Club,thumb,,2,Android Phone,2017-06-10 06:01:24,
Bernardo,The Nice Guys,thumb,,2,Android Phone,2017-06-10 06:01:12,
Bernardo,(500) Days of Summer,thumb,,2,Android Phone,2017-06-10 06:01:04,
Bernardo,10 Things I Hate About You,thumb,,2,Android Phone,2017-06-10 06:01:01,
Bernardo,The Breakfast Club,thumb,,2,Android Phone,2017-06-10 06:00:56,
Bernardo,Hairspray,thumb,,2,Android Phone,2017-06-10 06:00:34,
Bernardo,The Help,thumb,,2,Android Phone,2017-06-10 06:00:13,
Bernardo,Prison Break,star,4,2,PS4,2017-05-24 00:27:35,
Felipe,ONE PIECE,thumb,,3,HTML 5,2023-09-03 01:10:14,
Felipe,DEPP V HEARD,thumb,,1,HTML 5,2023-08-16 20:38:44,
Felipe,Marry My Dead Body,thumb,,0,HTML 5,2023-08-13 07:20:18,
Felipe,Community Squad,thumb,,3,HTML 5,2023-07-02 23:21:40,
Felipe,Glamorous,thumb,,3,HTML 5,2023-07-02 23:21:07,
Felipe,Nimona,thumb,,3,Android Phone,2023-07-02 17:23:09,
Felipe,Freaky,thumb,,3,Android Phone,2023-07-02 16:54:17,
Felipe,The Hunger Games,thumb,,2,HTML 5,2023-05-03 03:01:19,
Felipe,The Walking Dead,thumb,,1,HTML 5,2023-03-16 01:11:13,
Felipe,Puss in Boots,thumb,,2,HTML 5,2023-03-07 00:23:07,
Felipe,Bad Boys for Life,thumb,,1,HTML 5,2023-03-03 02:24:47,
Felipe,Don't Look Up,thumb,,1,Android Phone,2023-03-01 15:27:13,
Felipe,Princess Mononoke,thumb,,2,HTML 5,2023-02-25 03:36:05,
Felipe,Ragnarok,thumb,,1,HTML 5,2023-02-24 20:22:08,
Felipe,The Tinder Swindler,thumb,,2,HTML 5,2023-02-24 20:19:56,
Felipe,Rilakkuma's Theme Park Adventure,thumb,,3,HTML 5,2023-02-24 00:57:19,
Felipe,Guillermo del Toro’s Pinocchio,thumb,,3,HTML 5,2023-02-22 23:43:22,
Felipe,DAHMER,thumb,,1,HTML 5,2023-01-27 21:16:11,
Felipe,Glass Onion: A Knives Out Mystery,thumb,,3,HTML 5,2023-01-18 00:22:46,
Felipe,Roald Dahl's Matilda The Musical,thumb,,3,HTML 5,2023-01-18 00:22:44,
Felipe,Smiley,thumb,,2,Android Phone,2023-01-16 15:25:50,
Felipe,The Dragon Prince,thumb,,3,HTML 5,2022-11-28 05:30:06,
Felipe,Entergalactic,thumb,,3,HTML 5,2022-10-01 03:07:16,
Felipe,Bee and PuppyCat,thumb,,3,HTML 5,2022-09-28 01:57:34,
Felipe,Cyberpunk: Edgerunners,thumb,,3,HTML 5,2022-09-22 01:17:08,
Felipe,The Legend of Korra,thumb,,3,HTML 5,2022-08-24 03:02:34,
Felipe,DI4RIES,thumb,,0,HTML 5,2022-07-29 02:24:37,
Felipe,Dead End: Paranormal Park,thumb,,3,HTML 5,2022-06-18 04:07:12,
Felipe,Say I Do,thumb,,1,HTML 5,2022-06-03 04:27:21,
Felipe,New Heights,thumb,,0,HTML 5,2022-05-19 01:00:53,
Felipe,Vampire in the Garden,thumb,,3,HTML 5,2022-05-17 03:50:18,
Felipe,Inside Job,thumb,,3,HTML 5,2022-05-16 01:08:55,
Felipe,Arcane,thumb,,3,HTML 5,2022-05-16 01:03:43,
Felipe,Total Drama,thumb,,3,HTML 5,2022-05-16 01:03:23,
Felipe,Orange Is the New Black,thumb,,2,HTML 5,2022-05-16 01:00:59,
Felipe,Crazy Ex-Girlfriend,thumb,,3,HTML 5,2022-05-16 00:57:45,
Felipe,Spirited Away,thumb,,2,HTML 5,2022-05-16 00:56:13,
Felipe,Please Like Me,thumb,,3,HTML 5,2022-05-16 00:53:43,
Felipe,Hilda,thumb,,3,HTML 5,2022-05-15 03:39:09,
Felipe,Little Witch Academia,thumb,,3,HTML 5,2022-05-15 03:39:05,
Felipe,Julie and the Phantoms,thumb,,3,HTML 5,2022-05-15 03:38:35,
Felipe,Sex Education,thumb,,2,HTML 5,2022-05-15 03:37:21,
Felipe,Avatar: The Last Airbender,thumb,,3,HTML 5,2022-05-15 03:36:40,
Felipe,Tuca & Bertie,thumb,,3,HTML 5,2022-05-15 03:36:08,
Felipe,BONDING,thumb,,3,HTML 5,2022-05-15 03:36:04,
Felipe,Young Royals,thumb,,3,HTML 5,2022-05-15 03:35:57,
Felipe,Rilakkuma and Kaoru,thumb,,3,HTML 5,2022-05-15 03:35:02,
Felipe,RuPaul's Drag Race,thumb,,3,HTML 5,2022-05-15 03:34:09,
Felipe,Community,thumb,,3,HTML 5,2022-05-15 03:33:48,
Felipe,Welcome to Eden,thumb,,1,HTML 5,2022-05-11 02:48:31,
Felipe,Parasyte: The Maxim,thumb,,2,HTML 5,2022-05-04 23:58:18,
Felipe,Heartstopper,thumb,,3,HTML 5,2022-04-24 22:08:23,
Felipe,Spider-Man: Into the Spider-Verse,thumb,,2,Android Phone,2022-04-24 16:35:25,
Felipe,Apollo 10 1/2: A Space Age Childhood,thumb,,2,HTML 5,2022-04-06 01:19:25,
Felipe,Thermae Romae Novae,thumb,,0,HTML 5,2022-04-06 01:19:13,
Felipe,Untold: Caitlyn Jenner,thumb,,1,HTML 5,2022-04-02 01:24:57,
Felipe,Life After Death with Tyler Henry,thumb,,1,HTML 5,2022-03-18 01:56:02,
Felipe,Cat Burglar,thumb,,2,HTML 5,2022-03-13 01:37:11,
Felipe,Q-Force,thumb,,2,Android Phone,2022-03-01 06:07:01,
Felipe,Misbehaviour,thumb,,2,Android Phone,2022-01-22 19:14:51,
Felipe,Elite Short Stories: Samuel Omar,thumb,,2,HTML 5,2022-01-11 01:18:12,
Felipe,Elite Short Stories: Patrick,thumb,,2,HTML 5,2022-01-10 01:59:33,
Felipe,Hype House,thumb,,1,HTML 5,2022-01-10 01:26:14,
Felipe,Twentysomethings: Austin,thumb,,2,Android Phone,2022-01-02 00:15:44,
Felipe,Hilda and the Mountain King,thumb,,2,Android Phone,2022-01-02 00:09:54,
Felipe,Pui Pui Molcar,thumb,,2,Smart TV,2021-12-31 16:13:40,
Felipe,Love Never Lies,thumb,,0,HTML 5,2021-12-20 06:24:58,
Felipe,The Hand of God,thumb,,0,HTML 5,2021-12-16 22:58:08,
Felipe,Saturday Morning All Star Hits!,thumb,,2,HTML 5,2021-12-13 01:51:15,
Felipe,City of Ghosts,thumb,,2,HTML 5,2021-12-13 01:47:26,
Felipe,Single All The Way,thumb,,2,Android Phone,2021-12-06 23:36:01,
Felipe,More the Merrier,thumb,,2,Android Phone,2021-12-06 23:35:44,
Felipe,Komi Can't Communicate,thumb,,2,HTML 5,2021-12-04 01:30:06,
Felipe,Dogs in Space,thumb,,2,HTML 5,2021-11-20 02:07:34,
Felipe,Love on the Spectrum: Australia,thumb,,2,HTML 5,2021-10-21 00:28:23,
Felipe,Britney Vs Spears,thumb,,1,HTML 5,2021-10-06 03:02:12,
Felipe,Centaurworld,thumb,,2,HTML 5,2021-07-31 03:41:53,
Felipe,Love and Monsters,thumb,,1,HTML 5,2021-07-24 00:01:07,
Felipe,Ponyo,thumb,,2,Android Phone,2021-07-11 04:55:40,
Felipe,Erased,thumb,,2,HTML 5,2021-07-07 20:59:50,
Felipe,The Breadwinner,thumb,,2,HTML 5,2021-07-07 20:54:29,
Felipe,Rocko's Modern Life: Static Cling,thumb,,0,HTML 5,2021-07-07 20:52:59,
Felipe,Sex/Life,thumb,,1,HTML 5,2021-07-07 20:46:26,
Felipe,I Am Not an Easy Man,thumb,,1,HTML 5,2021-07-06 00:50:01,
Felipe,Sing On! Spain,thumb,,2,HTML 5,2021-07-06 00:48:41,
Felipe,Tiny Pretty Things,thumb,,1,HTML 5,2021-07-06 00:48:24,
Felipe,Wish You,thumb,,2,HTML 5,2021-07-06 00:48:19,
Felipe,Over the Moon,thumb,,2,HTML 5,2021-07-06 00:48:06,
Felipe,The Boys in the Band,thumb,,1,HTML 5,2021-07-06 00:47:30,
Felipe,The Half Of It,thumb,,2,HTML 5,2021-07-06 00:47:26,
Felipe,I am Jonas,thumb,,1,HTML 5,2021-07-06 00:46:49,
Felipe,The Promised Neverland,thumb,,2,HTML 5,2021-07-06 00:45:40,
Felipe,Brokeback Mountain,thumb,,2,HTML 5,2021-07-06 00:43:23,
Felipe,Demon Slayer: Kimetsu no Yaiba,thumb,,2,HTML 5,2021-06-11 00:48:36,
Felipe,Pretty Guardian Sailor Moon Eternal The Movie,thumb,,2,PS4,2021-06-04 21:56:12,
Felipe,The Mitchells vs. The Machines,thumb,,2,Android Phone,2021-05-17 03:49:40,
Felipe,The Way of the Househusband,thumb,,1,Android Phone,2021-05-16 03:40:42,
Felipe,The Circle,thumb,,2,HTML 5,2021-05-06 00:43:33,
Felipe,The Kissing Booth,thumb,,1,HTML 5,2021-04-25 00:51:59,
Felipe,The Perfect Date,thumb,,1,HTML 5,2021-04-25 00:51:55,
Felipe,The Mole Agent,thumb,,2,PS4,2021-04-11 20:21:39,
Felipe,The Yin Yang Master,thumb,,1,Android Phone,2021-04-06 06:26:01,
Felipe,The Yin-Yang Master: Dream Of Eternity,thumb,,1,Android Phone,2021-03-25 01:44:44,
Felipe,My Octopus Teacher,thumb,,2,HTML 5,2021-03-23 04:34:22,
Felipe,Scott Pilgrim vs. the World,thumb,,2,HTML 5,2021-03-23 04:34:00,
Felipe,Call Me by Your Name,thumb,,2,HTML 5,2021-02-06 18:46:49,
Felipe,Fate: The Winx Saga,thumb,,1,Android Phone,2021-01-31 22:49:53,
Felipe,Bridgerton,thumb,,2,PS4,2021-01-24 06:41:48,
Felipe,The Netflix Afterparty,thumb,,0,PS4,2021-01-24 06:41:16,
Felipe,Headspace Guide to Meditation,thumb,,2,Android Phone,2021-01-07 17:02:50,
Felipe,Your Name Engraved Herein,thumb,,2,HTML 5,2020-12-26 03:49:50,
Felipe,If Anything Happens I Love You,thumb,,2,Android Phone,2020-11-25 00:58:22,
Felipe,Someone Has to Die,thumb,,2,HTML 5,2020-10-19 04:49:16,
Felipe,WHAT / IF,thumb,,0,Android Phone,2020-10-05 02:57:47,
Felipe,Lady Bird,thumb,,2,HTML 5,2020-09-24 01:51:33,
Felipe,Parasite,thumb,,2,HTML 5,2020-09-20 16:07:32,
Felipe,SMOSH: The Movie,thumb,,1,Android Phone,2020-09-17 22:03:08,
Felipe,When We First Met,thumb,,1,Android Phone,2020-09-17 22:02:20,
Felipe,John Was Trying to Contact Aliens,thumb,,2,Android Phone,2020-08-20 17:15:44,
Felipe,One Day at a Time,thumb,,2,Android Phone,2020-08-08 15:33:50,
Felipe,Wonder,thumb,,2,HTML 5,2020-08-03 03:12:53,
Felipe,Terror in Resonance,thumb,,2,PS4,2020-07-29 04:09:09,
Felipe,RuPaul’s Drag Race: Untucked!,thumb,,2,PS4,2020-07-29 04:07:31,
Felipe,BNA,thumb,,2,Android Phone,2020-07-24 07:13:16,
Felipe,The Last Airbender,thumb,,1,Android Phone,2020-07-23 04:51:38,
Felipe,Ultramarine Magmell,thumb,,1,Android Phone,2020-07-23 04:41:30,
Felipe,RuPaul’s Drag Race: All Stars,thumb,,2,HTML 5,2020-07-12 23:22:05,
Felipe,Underdogs,thumb,,1,HTML 5,2020-07-11 20:10:03,
Felipe,Hi Score Girl,thumb,,2,HTML 5,2020-07-07 21:21:38,
Felipe,Kakegurui,thumb,,2,HTML 5,2020-06-18 23:42:03,
Felipe,365 Days,thumb,,1,HTML 5,2020-06-16 22:21:01,
Felipe,Batman v Superman: Dawn of Justice,thumb,,1,HTML 5,2020-05-05 23:34:09,
Felipe,Daddy's Home 2,thumb,,1,HTML 5,2020-05-04 04:46:11,
Felipe,Grease,thumb,,2,HTML 5,2020-05-04 04:45:44,
Felipe,Monthly Girls' Nozaki Kun,thumb,,2,Android Phone,2020-05-01 19:23:17,
Felipe,Too Hot to Handle,thumb,,1,HTML 5,2020-04-21 18:30:32,
Felipe,7SEEDS,thumb,,1,HTML 5,2020-04-19 18:37:46,
Felipe,Suicide Squad,thumb,,1,HTML 5,2020-04-13 00:32:36,
Felipe,Disenchantment,thumb,,1,HTML 5,2020-03-22 23:58:51,
Felipe,Elite,thumb,,2,HTML 5,2020-03-22 23:55:25,
Felipe,La La Land,thumb,,2,HTML 5,2020-02-17 19:12:27,
Felipe,Kiki’s Delivery Service,thumb,,2,HTML 5,2020-02-16 02:59:51,
Felipe,the goop lab with Gwyneth Paltrow,thumb,,1,HTML 5,2020-01-30 23:44:13,
Felipe,Into the Woods,thumb,,1,HTML 5,2020-01-25 03:27:33,
Felipe,NiNoKuni,thumb,,1,HTML 5,2020-01-22 23:56:19,
Felipe,The Irregular at Magic High School,thumb,,1,HTML 5,2020-01-21 16:51:29,
Felipe,Bleach,thumb,,1,HTML 5,2020-01-21 16:51:16,
Felipe,Kipo and the Age of Wonderbeasts,thumb,,2,HTML 5,2020-01-21 16:49:08,
Felipe,Death Note,thumb,,1,Smart TV,2020-01-07 02:06:47,
Felipe,Diabolik Lovers,thumb,,1,Smart TV,2020-01-07 02:04:34,
Felipe,Rebelde Way,thumb,,1,Smart TV,2020-01-07 01:54:18,
Felipe,John Mulaney & The Sack Lunch Bunch,thumb,,2,Smart TV,2020-01-05 20:37:27,
Felipe,Les Misérables,thumb,,2,Smart TV,2020-01-05 19:25:30,
Felipe,High School Musical,thumb,,2,Smart TV,2020-01-05 19:25:04,
Felipe,Transformers: The Last Knight,thumb,,1,Smart TV,2020-01-01 17:00:09,
Felipe,Sherlock Gnomes,thumb,,1,Smart TV,2020-01-01 16:59:45,
Felipe,The Two Popes,thumb,,1,Smart TV,2020-01-01 16:56:14,
Felipe,Arctic Dogs,thumb,,1,HTML 5,2019-12-18 19:38:59,
Felipe,Psycho-Pass,thumb,,2,HTML 5,2019-12-15 15:38:07,
Felipe,revisions,thumb,,1,HTML 5,2019-11-13 00:25:11,
Felipe,LAST HOPE,thumb,,1,HTML 5,2019-11-13 00:25:01,
Felipe,Prank Encounters,thumb,,1,HTML 5,2019-10-29 23:47:56,
Felipe,The Politician,thumb,,2,HTML 5,2019-10-23 01:43:15,
Felipe,Gravity Falls,thumb,,2,HTML 5,2019-10-08 01:34:57,
Felipe,Pose,thumb,,2,HTML 5,2019-10-03 00:09:00,
Felipe,Fifty Shades Darker,thumb,,1,HTML 5,2019-09-22 01:10:52,
Felipe,CAROLE & TUESDAY,thumb,,2,HTML 5,2019-09-15 23:35:55,
Felipe,Swiped,thumb,,1,HTML 5,2019-09-07 19:59:56,
Felipe,Back Street Girls -GOKUDOLS-,thumb,,1,HTML 5,2019-09-07 19:55:43,
Felipe,13 Reasons Why,thumb,,1,HTML 5,2019-08-31 20:06:45,
Felipe,​SAINT SEIYA: Knights of the Zodiac,thumb,,1,HTML 5,2019-08-18 01:37:14,
Felipe,Mean Girls 2,thumb,,2,HTML 5,2019-08-14 02:53:01,
Felipe,Captain America: Civil War,thumb,,2,HTML 5,2019-08-10 02:47:37,
Felipe,Little Witch Academia: The Enchanted Parade,thumb,,2,HTML 5,2019-08-10 02:44:52,
Felipe,Sword Art Online Alternative: Gun Gale Online,thumb,,2,HTML 5,2019-08-10 02:44:23,
Felipe,Big Fish & Begonia,thumb,,2,HTML 5,2019-08-10 02:43:47,
Felipe,Angel Beats!,thumb,,2,HTML 5,2019-08-10 02:41:40,
Felipe,Enter the Anime,thumb,,1,HTML 5,2019-08-10 02:41:36,
Felipe,EVANGELION: DEATH (TRUE)²,thumb,,2,HTML 5,2019-08-10 02:41:10,
Felipe,Anohana: The Flower We Saw That Day,thumb,,2,HTML 5,2019-08-10 02:41:03,
Felipe,A Silent Voice,thumb,,2,HTML 5,2019-08-10 02:40:59,
Felipe,Johnny Test,thumb,,1,HTML 5,2019-08-10 02:40:23,
Felipe,Twelve Forever,thumb,,2,HTML 5,2019-08-08 02:01:05,
Felipe,The Package,thumb,,1,HTML 5,2019-07-11 02:53:45,
Felipe,The Pink Mirror,thumb,,2,HTML 5,2019-07-11 02:46:18,
Felipe,The End of Evangelion,thumb,,2,HTML 5,2019-07-05 02:32:47,
Felipe,Neon Genesis Evangelion,thumb,,2,HTML 5,2019-06-21 23:53:29,
Felipe,The Angry Birds Movie,thumb,,1,HTML 5,2019-06-16 02:35:13,
Felipe,Special,thumb,,2,HTML 5,2019-05-14 01:50:10,
Felipe,My Best Friend,thumb,,2,HTML 5,2019-04-02 14:26:17,
Felipe,Dear Ex,thumb,,2,HTML 5,2019-04-02 02:20:21,
Felipe,Wolf Children,thumb,,2,Smart TV,2019-01-03 22:53:41,
Felipe,She-Ra and the Princesses of Power,thumb,,2,HTML 5,2018-11-20 18:36:10,
Felipe,Set It Up,thumb,,2,PS4,2018-08-12 05:25:30,
Felipe,I Love You Phillip Morris,thumb,,2,PS4,2018-08-02 05:00:27,
Felipe,Pixels,thumb,,1,HTML 5,2018-08-02 02:05:25,
Felipe,4th Man Out,thumb,,2,HTML 5,2018-08-02 01:50:26,
Felipe,Perfect Strangers,thumb,,2,PS4,2018-07-10 03:05:08,
Felipe,Alex Strangelove,thumb,,2,PS4,2018-06-09 00:38:16,
Felipe,Room,thumb,,2,PS4,2018-05-22 00:24:39,
Felipe,Eastsiders,thumb,,2,PS4,2018-05-15 03:53:11,
Felipe,Those People,thumb,,2,PS4,2018-05-15 02:47:29,
Felipe,The Week Of,thumb,,1,PS4,2018-05-05 01:51:20,
Felipe,Aggretsuko,thumb,,2,PS4,2018-05-05 01:50:34,
Felipe,Moonlight,thumb,,2,PS4,2018-02-27 04:58:51,
Felipe,Cuatro lunas,thumb,,2,PS4,2018-02-24 08:02:04,
Felipe,Boys,thumb,,2,PS4,2018-02-24 06:07:33,
Felipe,Mean Girls,thumb,,2,PS4,2018-02-24 04:08:00,
Felipe,Merlí,thumb,,2,PS4,2018-02-23 07:14:22,
Felipe,Toy Story 3,thumb,,2,PS4,2018-01-30 02:17:28,
Felipe,Toy Story 2,thumb,,2,PS4,2018-01-25 06:31:17,
Felipe,BoJack Horseman,thumb,,2,PS4,2018-01-24 17:21:14,
Felipe,BoJack Horseman Christmas Special: Sabrina's Christmas Wish,thumb,,2,PS4,2018-01-24 17:21:07,
Felipe,Violet Evergarden,thumb,,2,Windows 8,2018-01-11 12:38:59,
Felipe,Your Name,thumb,,2,PS4,2017-12-07 02:28:48,
Felipe,The Good Place,thumb,,2,PS4,2017-11-09 23:07:54,
Felipe,Castlevania,star,4,2,PS4,2017-07-08 17:13:53,2017-07-08
Felipe,Loev,star,3,2,PS4,2017-07-01 05:36:18,2017-06-30
Felipe,Don't Trust the B---- in Apartment 23,star,5,2,PS4,2017-07-01 01:06:59,2017-06-30
Felipe,Nerve,star,4,2,PS4,2017-07-01 00:18:14,2017-06-30
Felipe,Little Witch Academia,star,5,2,PS4,2017-06-30 22:19:34,2017-06-30
Felipe,She-Ra,star,5,2,PS4,2017-06-20 18:25:37,2017-06-20
Felipe,Breaking Bad,thumb,,2,Android Phone,2017-06-07 23:55:14,
Felipe,Yuki Yuna is a Hero,thumb,,2,Android Phone,2017-06-07 23:54:59,
Felipe,13 Reasons Why,star,3,2,PS4,2017-05-11 02:31:51,2017-05-06
Felipe,Steven Universe,thumb,,2,Android Phone,2017-05-07 14:10:56,
Felipe,Scott Pilgrim vs. the World,star,4,2,PS4,2017-05-01 21:56:36,
Felipe,Please Like Me,star,5,2,PS4,2017-05-01 21:27:20,2017-05-01
Felipe,Total Drama,star,3,2,PS4,2017-04-30 19:55:40,2017-04-30
Felipe,4th Man Out,star,3,2,PS4,2017-04-21 01:46:00,
Felipe,The Seven Deadly Sins,star,2,1,PS4,2017-04-21 01:40:13,
Felipe,Puella Magi Madoka Magica,thumb,,2,PS4,2017-04-20 17:16:11,
Felipe,Kill la Kill,thumb,,2,PS4,2017-04-20 17:15:39,
Felipe,DEATH NOTE,thumb,,2,PS4,2017-04-20 17:14:45,
Felipe,Rick and Morty,thumb,,2,PS4,2017-04-20 17:14:21,
Felipe,Tangled,thumb,,2,PS4,2017-04-20 17:14:12,
Felipe,Up,thumb,,2,PS4,2017-04-20 17:14:09,
Felipe,Sense8,thumb,,2,PS4,2017-04-20 17:14:04,
Felipe,Friends,thumb,,2,PS4,2017-04-20 17:13:52,
Felipe,Marvel's Jessica Jones,thumb,,0,PS4,2017-04-20 17:13:13,
Felipe,Wreck-It Ralph,star,3,2,PS4,2017-04-16 15:48:57,
Felipe,Tangled,star,5,2,PS4,2017-04-16 15:48:52,
Felipe,Yuki Yuna is a Hero,star,4,2,PS4,2017-04-16 15:38:05,
Felipe,Puella Magi Madoka Magica,star,5,2,PS4,2017-04-16 15:37:48,
Felipe,Little Witch Academia: The Enchanted Parade,star,4,2,PS4,2017-04-16 15:37:34,
Felipe,Little Witch Academia,star,5,2,PS4,2017-04-16 15:37:08,
Felipe,Kill la Kill,star,5,2,PS4,2017-04-16 15:36:58,
Felipe,Sword Art Online II,star,3,2,PS4,2017-04-16 15:36:51,
Felipe,Dragon Ball Z: Battle of Gods,star,2,1,PS4,2017-04-16 15:36:24,
Felipe,Up,star,5,2,PS4,2017-04-16 15:32:53,
Felipe,Steven Universe,star,5,2,PS4,2017-04-16 15:32:05,
Felipe,The Big Short,star,3,2,PS4,2017-04-16 15:30:57,
Felipe,DEATH NOTE,star,5,2,PS4,2017-04-16 15:30:07,
Felipe,Sword Art Online,star,3,2,PS4,2017-04-16 15:26:19,
Felipe,Sense8,star,5,2,PS4,2017-04-16 15:25:35,
Felipe,Avatar: The Last Airbender,star,5,2,PS4,2017-04-16 15:24:01,
Felipe,Friends,star,5,2,PS4,2017-04-16 15:22:21,
Felipe,Orange Is the New Black,star,5,2,PS4,2017-04-16 15:22:07,
Felipe,Stranger Things,star,5,2,PS4,2017-04-16 15:20:08,
Felipe,Gravity Falls,star,5,2,PS4,2017-04-16 15:19:28,
Ceci,Luis Miguel - The Series,thumb,,2,Smart TV,2022-03-04 20:13:10,
Ceci,Emily in Paris,thumb,,2,Smart TV,2021-06-19 23:48:26,
Ceci,The Mitchells vs. The Machines,thumb,,2,HTML 5,2021-05-16 20:12:41,
Ceci,The Red Tent,thumb,,2,HTML 5,2019-06-11 22:54:07,
Ceci,Stranger Things,thumb,,2,Android Phone,2017-10-27 09:40:16,
Sergio,Better Call Saul,thumb,,3,Smart TV,2022-10-28 23:44:42,
Sergio,The Stranger,thumb,,0,HTML 5,2022-07-21 21:24:16,
Sergio,The King's Affection,thumb,,2,Smart TV,2022-03-20 20:57:51,
Sergio,The Cook of Castamar,thumb,,2,Smart TV,2021-07-23 23:58:57,
Sergio,Ginny & Georgia,thumb,,2,Smart TV,2021-04-11 00:38:20,
Sergio,Dark,thumb,,2,HTML 5,2020-01-01 04:46:05,
Sergio,Girls from Ipanema,thumb,,2,HTML 5,2019-05-13 01:49:43,
Sergio,Call My Agent!,thumb,,0,HTML 5,2019-05-03 23:57:43,
Sergio,Unauthorized Living,thumb,,2,HTML 5,2019-04-29 00:36:07,
Sergio,Woman in Charge,thumb,,1,Android,2018-11-25 23:26:36,
