"Profile Name","Email Address","Game Handle","Profile Creation Time","Maturity Level","Primary Lang","Has Auto Playback","Max Stream Quality","Profile Lock Enabled","Profile Transferred","Profile Transfer Time","Profile Transferred From Account","Profile Transferred To Account","Privacy And Data Settings","Date Of Birth","Gender"
"Felipe","","artuhaxis","2017-04-16 15:16:56","ADULTS","es-AR","1","Unknown","false","false","","","","{}","",""
"Sergio","","","2017-04-16 04:30:18","ADULTS","es-AR","1","Unknown","false","false","","","","{}","",""
"Bernardo","","","2017-04-16 04:30:18","ADULTS","es-AR","0","Unknown","false","false","","","","{}","",""
"Kids","","","2017-04-16 04:28:15","OLDER_KIDS","es-AR","","Unknown","false","false","","","","{}","",""
"Ceci","cecitibi@hotmail.com","","2017-04-16 04:07:07","ADULTS","es-AR","","Unknown","false","false","","","","{}","",""
