Transaction Date,Service Period Start Date,Service Period End Date,Description,Payment Type,Mop Last 4,Mop Creation Date,Mop Pmt Processor Desc,Item Price Amt,Currency,Tax Amt,Gross Sale Amt,Pmt Txn Type,Pmt Status,Final Invoice Result,Country,Next Billing Date
2023-08-16,,,payment_transaction,CC,4259,,,,ARS,,1699.0,SALE,NEW,,AR,
2023-08-16,2023-08-16,2023-09-15,SUBSCRIPTION,VISA,4259,,ADYEN,1699.0,ARS,0.0,1699.0,SALE,APPROVED,SETTLED,AR,2023-09-16
2023-08-16,2023-08-16,2023-09-15,SUBSCRIPTION,VISA,4259,,ADYEN,1699.0,ARS,0.0,1699.0,SALE,NEW,SETTLED,AR,2023-09-16
2023-08-16,,,payment_transaction,CC,4259,,,,ARS,,1699.0,SALE,APPROVED,,AR,
2023-07-16,2023-07-16,2023-08-15,SUBSCRIPTION,VISA,4259,,ADYEN,1699.0,ARS,0.0,1699.0,SALE,APPROVED,SETTLED,AR,2023-08-16
2023-07-16,,,payment_transaction,CC,4259,,,,ARS,,1699.0,SALE,NEW,,AR,
2023-07-16,,,payment_transaction,CC,4259,,,,ARS,,1699.0,SALE,APPROVED,,AR,
2023-07-16,2023-07-16,2023-08-15,SUBSCRIPTION,VISA,4259,,ADYEN,1699.0,ARS,0.0,1699.0,SALE,NEW,SETTLED,AR,2023-08-16
2023-06-16,,,payment_transaction,CC,4259,,,,ARS,,1699.0,SALE,APPROVED,,AR,
2023-06-16,2023-06-16,2023-07-15,SUBSCRIPTION,VISA,4259,,PAYMENTECH,1699.0,ARS,0.0,1699.0,SALE,PENDING,SETTLED,AR,2023-07-16
2023-06-16,,,payment_transaction,CC,4259,,,,ARS,,1699.0,SALE,PENDING,,AR,
2023-06-16,2023-06-16,2023-07-15,SUBSCRIPTION,VISA,4259,,PAYMENTECH,1699.0,ARS,0.0,1699.0,SALE,NEW,SETTLED,AR,2023-07-16
2023-06-16,,,payment_transaction,CC,4259,,,,ARS,,1699.0,SALE,NEW,,AR,
2023-06-16,2023-06-16,2023-07-15,SUBSCRIPTION,VISA,4259,,PAYMENTECH,1699.0,ARS,0.0,1699.0,SALE,APPROVED,SETTLED,AR,2023-07-16
2023-05-16,2023-05-16,2023-06-15,SUBSCRIPTION,VISA,4259,,PAYMENTECH,1699.0,ARS,0.0,1699.0,SALE,NEW,SETTLED,AR,2023-06-16
2023-05-16,,,payment_transaction,CC,4259,,,,ARS,,1699.0,SALE,PENDING,,AR,
2023-05-16,2023-05-16,2023-06-15,SUBSCRIPTION,VISA,4259,,PAYMENTECH,1699.0,ARS,0.0,1699.0,SALE,PENDING,SETTLED,AR,2023-06-16
2023-05-16,2023-05-16,2023-06-15,SUBSCRIPTION,VISA,4259,,PAYMENTECH,1699.0,ARS,0.0,1699.0,SALE,APPROVED,SETTLED,AR,2023-06-16
2023-05-16,,,payment_transaction,CC,4259,,,,ARS,,1699.0,SALE,NEW,,AR,
2023-05-16,,,payment_transaction,CC,4259,,,,ARS,,1699.0,SALE,APPROVED,,AR,
2023-04-16,,,payment_transaction,CC,4259,,,,ARS,,1299.0,SALE,APPROVED,,AR,
2023-04-16,2023-04-16,2023-05-15,SUBSCRIPTION,VISA,4259,,DLOCAL,1299.0,ARS,0.0,1299.0,SALE,NEW,SETTLED,AR,2023-05-16
2023-04-16,,,payment_transaction,CC,4259,,,,ARS,,1299.0,SALE,NEW,,AR,
2023-04-16,2023-04-16,2023-05-15,SUBSCRIPTION,VISA,4259,,DLOCAL,1299.0,ARS,0.0,1299.0,SALE,APPROVED,SETTLED,AR,2023-05-16
2023-03-16,,,payment_transaction,CC,4259,,,,ARS,,1299.0,SALE,NEW,,AR,
2023-03-16,2023-03-16,2023-04-15,SUBSCRIPTION,VISA,4259,,ADYEN,1299.0,ARS,0.0,1299.0,SALE,NEW,SETTLED,AR,2023-04-16
2023-03-16,2023-03-16,2023-04-15,SUBSCRIPTION,VISA,4259,,ADYEN,1299.0,ARS,0.0,1299.0,SALE,APPROVED,SETTLED,AR,2023-04-16
2023-03-16,,,payment_transaction,CC,4259,,,,ARS,,1299.0,SALE,APPROVED,,AR,
2023-02-16,2023-02-16,2023-03-15,SUBSCRIPTION,VISA,4259,,ADYEN,1299.0,ARS,0.0,1299.0,SALE,NEW,SETTLED,AR,2023-03-16
2023-02-16,,,payment_transaction,CC,4259,,,,ARS,,1299.0,SALE,NEW,,AR,
2023-02-16,2023-02-16,2023-03-15,SUBSCRIPTION,VISA,4259,,ADYEN,1299.0,ARS,0.0,1299.0,SALE,APPROVED,SETTLED,AR,2023-03-16
2023-02-16,,,payment_transaction,CC,4259,,,,ARS,,1299.0,SALE,APPROVED,,AR,
2023-01-16,2023-01-16,2023-02-15,SUBSCRIPTION,VISA,4259,,ADYEN,1299.0,ARS,0.0,1299.0,SALE,APPROVED,SETTLED,AR,2023-02-16
2023-01-16,,,payment_transaction,CC,4259,,,,ARS,,1299.0,SALE,APPROVED,,AR,
2023-01-16,,,payment_transaction,CC,4259,,,,ARS,,1299.0,SALE,NEW,,AR,
2023-01-16,2023-01-16,2023-02-15,SUBSCRIPTION,VISA,4259,,ADYEN,1299.0,ARS,0.0,1299.0,SALE,NEW,SETTLED,AR,2023-02-16
2022-12-16,2022-12-16,2023-01-15,SUBSCRIPTION,VISA,4259,,ADYEN,799.0,ARS,0.0,799.0,SALE,NEW,SETTLED,AR,2023-01-16
2022-12-16,2022-12-16,2023-01-15,SUBSCRIPTION,VISA,4259,,ADYEN,799.0,ARS,0.0,799.0,SALE,APPROVED,SETTLED,AR,2023-01-16
2022-12-16,,,payment_transaction,CC,4259,,,,ARS,,799.0,SALE,APPROVED,,AR,
2022-12-16,,,payment_transaction,CC,4259,,,,ARS,,799.0,SALE,NEW,,AR,
2022-11-16,,,payment_transaction,CC,4259,,,,ARS,,799.0,SALE,PENDING,,AR,
2022-11-16,2022-11-16,2022-12-15,SUBSCRIPTION,VISA,4259,,PAYMENTECH,799.0,ARS,0.0,799.0,SALE,PENDING,SETTLED,AR,2022-12-16
2022-11-16,,,payment_transaction,CC,4259,,,,ARS,,799.0,SALE,NEW,,AR,
2022-11-16,2022-11-16,2022-12-15,SUBSCRIPTION,VISA,4259,,PAYMENTECH,799.0,ARS,0.0,799.0,SALE,APPROVED,SETTLED,AR,2022-12-16
2022-11-16,2022-11-16,2022-12-15,SUBSCRIPTION,VISA,4259,,PAYMENTECH,799.0,ARS,0.0,799.0,SALE,NEW,SETTLED,AR,2022-12-16
2022-11-16,,,payment_transaction,CC,4259,,,,ARS,,799.0,SALE,APPROVED,,AR,
2022-10-16,,,payment_transaction,CC,4259,,,,ARS,,799.0,SALE,APPROVED,,AR,
2022-10-16,2022-10-16,2022-11-15,SUBSCRIPTION,VISA,4259,,PAYMENTECH,799.0,ARS,0.0,799.0,SALE,NEW,SETTLED,AR,2022-11-16
2022-10-16,,,payment_transaction,CC,4259,,,,ARS,,799.0,SALE,PENDING,,AR,
2022-10-16,,,payment_transaction,CC,4259,,,,ARS,,799.0,SALE,NEW,,AR,
2022-10-16,2022-10-16,2022-11-15,SUBSCRIPTION,VISA,4259,,PAYMENTECH,799.0,ARS,0.0,799.0,SALE,PENDING,SETTLED,AR,2022-11-16
2022-10-16,2022-10-16,2022-11-15,SUBSCRIPTION,VISA,4259,,PAYMENTECH,799.0,ARS,0.0,799.0,SALE,APPROVED,SETTLED,AR,2022-11-16
2022-09-16,2022-09-16,2022-10-15,SUBSCRIPTION,VISA,4259,,PAYMENTECH,799.0,ARS,0.0,799.0,SALE,APPROVED,SETTLED,AR,2022-10-16
2022-09-16,2022-09-16,2022-10-15,SUBSCRIPTION,VISA,4259,,PAYMENTECH,799.0,ARS,0.0,799.0,SALE,NEW,SETTLED,AR,2022-10-16
2022-09-16,2022-09-16,2022-10-15,SUBSCRIPTION,VISA,4259,,PAYMENTECH,799.0,ARS,0.0,799.0,SALE,PENDING,SETTLED,AR,2022-10-16
2022-09-16,,,payment_transaction,CC,4259,,,,ARS,,799.0,SALE,PENDING,,AR,
2022-09-16,,,payment_transaction,CC,4259,,,,ARS,,799.0,SALE,APPROVED,,AR,
2022-09-16,,,payment_transaction,CC,4259,,,,ARS,,799.0,SALE,NEW,,AR,
2022-08-16,2022-08-16,2022-09-15,SUBSCRIPTION,VISA,4259,,PAYMENTECH,799.0,ARS,0.0,799.0,SALE,APPROVED,SETTLED,AR,2022-09-16
2022-08-16,,,payment_transaction,CC,4259,,,,ARS,,799.0,SALE,NEW,,AR,
2022-08-16,2022-08-16,2022-09-15,SUBSCRIPTION,VISA,4259,,PAYMENTECH,799.0,ARS,0.0,799.0,SALE,NEW,SETTLED,AR,2022-09-16
2022-08-16,2022-08-16,2022-09-15,SUBSCRIPTION,VISA,4259,,PAYMENTECH,799.0,ARS,0.0,799.0,SALE,PENDING,SETTLED,AR,2022-09-16
2022-08-16,,,payment_transaction,CC,4259,,,,ARS,,799.0,SALE,PENDING,,AR,
2022-08-16,,,payment_transaction,CC,4259,,,,ARS,,799.0,SALE,APPROVED,,AR,
2022-07-16,,,payment_transaction,CC,4259,,,,ARS,,799.0,SALE,PENDING,,AR,
2022-07-16,2022-07-16,2022-08-15,SUBSCRIPTION,VISA,4259,,PAYMENTECH,799.0,ARS,0.0,799.0,SALE,PENDING,SETTLED,AR,2022-08-16
2022-07-16,,,payment_transaction,CC,4259,,,,ARS,,799.0,SALE,NEW,,AR,
2022-07-16,,,payment_transaction,CC,4259,,,,ARS,,799.0,SALE,APPROVED,,AR,
2022-07-16,2022-07-16,2022-08-15,SUBSCRIPTION,VISA,4259,,PAYMENTECH,799.0,ARS,0.0,799.0,SALE,APPROVED,SETTLED,AR,2022-08-16
2022-07-16,2022-07-16,2022-08-15,SUBSCRIPTION,VISA,4259,,PAYMENTECH,799.0,ARS,0.0,799.0,SALE,NEW,SETTLED,AR,2022-08-16
2022-06-16,2022-06-16,2022-07-15,SUBSCRIPTION,VISA,4259,,PAYMENTECH,799.0,ARS,0.0,799.0,SALE,PENDING,SETTLED,AR,2022-07-16
2022-06-16,2022-06-16,2022-07-15,SUBSCRIPTION,VISA,4259,,PAYMENTECH,799.0,ARS,0.0,799.0,SALE,APPROVED,SETTLED,AR,2022-07-16
2022-06-16,2022-06-16,2022-07-15,SUBSCRIPTION,VISA,4259,,PAYMENTECH,799.0,ARS,0.0,799.0,SALE,NEW,SETTLED,AR,2022-07-16
2022-06-16,,,payment_transaction,CC,4259,,,,ARS,,799.0,SALE,APPROVED,,AR,
2022-06-16,,,payment_transaction,CC,4259,,,,ARS,,799.0,SALE,NEW,,AR,
2022-06-16,,,payment_transaction,CC,4259,,,,ARS,,799.0,SALE,PENDING,,AR,
2022-05-16,2022-05-16,2022-06-15,SUBSCRIPTION,VISA,4259,,PAYMENTECH,639.0,ARS,0.0,639.0,SALE,NEW,SETTLED,AR,2022-06-16
2022-05-16,2022-05-16,2022-06-15,SUBSCRIPTION,VISA,4259,,PAYMENTECH,639.0,ARS,0.0,639.0,SALE,APPROVED,SETTLED,AR,2022-06-16
2022-05-16,2022-05-16,2022-06-15,SUBSCRIPTION,VISA,4259,,PAYMENTECH,639.0,ARS,0.0,639.0,SALE,PENDING,SETTLED,AR,2022-06-16
2022-05-16,,,payment_transaction,CC,4259,,,,ARS,,639.0,SALE,PENDING,,AR,
2022-05-16,,,payment_transaction,CC,4259,,,,ARS,,639.0,SALE,APPROVED,,AR,
2022-05-16,,,payment_transaction,CC,4259,,,,ARS,,639.0,SALE,NEW,,AR,
2022-04-16,2022-04-16,2022-05-15,SUBSCRIPTION,VISA,4259,,PAYMENTECH,639.0,ARS,0.0,639.0,SALE,NEW,SETTLED,AR,2022-05-16
2022-04-16,2022-04-16,2022-05-15,SUBSCRIPTION,VISA,4259,,PAYMENTECH,639.0,ARS,0.0,639.0,SALE,PENDING,SETTLED,AR,2022-05-16
2022-04-16,,,payment_transaction,CC,4259,,,,ARS,,639.0,SALE,APPROVED,,AR,
2022-04-16,,,payment_transaction,CC,4259,,,,ARS,,639.0,SALE,PENDING,,AR,
2022-04-16,,,payment_transaction,CC,4259,,,,ARS,,639.0,SALE,NEW,,AR,
2022-04-16,2022-04-16,2022-05-15,SUBSCRIPTION,VISA,4259,,PAYMENTECH,639.0,ARS,0.0,639.0,SALE,APPROVED,SETTLED,AR,2022-05-16
2022-03-16,2022-03-16,2022-04-15,SUBSCRIPTION,VISA,4259,,PAYMENTECH,639.0,ARS,0.0,639.0,SALE,PENDING,SETTLED,AR,2022-04-16
2022-03-16,2022-03-16,2022-04-15,SUBSCRIPTION,VISA,4259,,PAYMENTECH,639.0,ARS,0.0,639.0,SALE,APPROVED,SETTLED,AR,2022-04-16
2022-03-16,2022-03-16,2022-04-15,SUBSCRIPTION,VISA,4259,,PAYMENTECH,639.0,ARS,0.0,639.0,SALE,NEW,SETTLED,AR,2022-04-16
2022-03-16,,,payment_transaction,CC,4259,,,,ARS,,639.0,SALE,PENDING,,AR,
2022-03-16,,,payment_transaction,CC,4259,,,,ARS,,639.0,SALE,APPROVED,,AR,
2022-03-16,,,payment_transaction,CC,4259,,,,ARS,,639.0,SALE,NEW,,AR,
2022-02-16,,,payment_transaction,CC,4259,,,,ARS,,639.0,SALE,APPROVED,,AR,
2022-02-16,,,payment_transaction,CC,4259,,,,ARS,,639.0,SALE,NEW,,AR,
2022-02-16,2022-02-16,2022-03-15,SUBSCRIPTION,VISA,4259,,PAYMENTECH,639.0,ARS,0.0,639.0,SALE,NEW,SETTLED,AR,2022-03-16
2022-02-16,,,payment_transaction,CC,4259,,,,ARS,,639.0,SALE,PENDING,,AR,
2022-02-16,2022-02-16,2022-03-15,SUBSCRIPTION,VISA,4259,,PAYMENTECH,639.0,ARS,0.0,639.0,SALE,APPROVED,SETTLED,AR,2022-03-16
2022-02-16,2022-02-16,2022-03-15,SUBSCRIPTION,VISA,4259,,PAYMENTECH,639.0,ARS,0.0,639.0,SALE,PENDING,SETTLED,AR,2022-03-16
2022-01-16,,,payment_transaction,CC,4259,,,,ARS,,639.0,SALE,PENDING,,AR,
2022-01-16,,,payment_transaction,CC,4259,,,,ARS,,639.0,SALE,APPROVED,,AR,
2022-01-16,2022-01-16,2022-02-15,SUBSCRIPTION,VISA,4259,,PAYMENTECH,639.0,ARS,0.0,639.0,SALE,PENDING,SETTLED,AR,2022-02-16
2022-01-16,2022-01-16,2022-02-15,SUBSCRIPTION,VISA,4259,,PAYMENTECH,639.0,ARS,0.0,639.0,SALE,NEW,SETTLED,AR,2022-02-16
2022-01-16,,,payment_transaction,CC,4259,,,,ARS,,639.0,SALE,NEW,,AR,
2022-01-16,2022-01-16,2022-02-15,SUBSCRIPTION,VISA,4259,,PAYMENTECH,639.0,ARS,0.0,639.0,SALE,APPROVED,SETTLED,AR,2022-02-16
2021-12-16,,,payment_transaction,CC,4259,,,,ARS,,639.0,SALE,APPROVED,,AR,
2021-12-16,2021-12-16,2022-01-15,SUBSCRIPTION,VISA,4259,,DLOCAL,639.0,ARS,0.0,639.0,SALE,NEW,SETTLED,AR,2022-01-16
2021-12-16,2021-12-16,2022-01-15,SUBSCRIPTION,VISA,4259,,DLOCAL,639.0,ARS,0.0,639.0,SALE,APPROVED,SETTLED,AR,2022-01-16
2021-12-16,,,payment_transaction,CC,4259,,,,ARS,,639.0,SALE,NEW,,AR,
2021-11-16,2021-11-16,2021-12-15,SUBSCRIPTION,VISA,4259,,DLOCAL,639.0,ARS,0.0,639.0,SALE,APPROVED,SETTLED,AR,2021-12-16
2021-11-16,2021-11-16,2021-12-15,SUBSCRIPTION,VISA,4259,,DLOCAL,639.0,ARS,0.0,639.0,SALE,NEW,SETTLED,AR,2021-12-16
2021-11-16,,,payment_transaction,CC,4259,,,,ARS,,639.0,SALE,APPROVED,,AR,
2021-11-16,,,payment_transaction,CC,4259,,,,ARS,,639.0,SALE,NEW,,AR,
2021-10-16,,,payment_transaction,CC,4259,,,,ARS,,459.0,SALE,NEW,,AR,
2021-10-16,2021-10-16,2021-11-15,SUBSCRIPTION,VISA,4259,,DLOCAL,459.0,ARS,0.0,459.0,SALE,APPROVED,SETTLED,AR,2021-11-16
2021-10-16,2021-10-16,2021-11-15,SUBSCRIPTION,VISA,4259,,DLOCAL,459.0,ARS,0.0,459.0,SALE,NEW,SETTLED,AR,2021-11-16
2021-10-16,,,payment_transaction,CC,4259,,,,ARS,,459.0,SALE,APPROVED,,AR,
2021-09-16,,,payment_transaction,CC,4259,,,,ARS,,459.0,SALE,APPROVED,,AR,
2021-09-16,2021-09-16,2021-10-15,SUBSCRIPTION,VISA,4259,,DLOCAL,459.0,ARS,0.0,459.0,SALE,APPROVED,SETTLED,AR,2021-10-16
2021-09-16,2021-09-16,2021-10-15,SUBSCRIPTION,VISA,4259,,DLOCAL,459.0,ARS,0.0,459.0,SALE,NEW,SETTLED,AR,2021-10-16
2021-09-16,,,payment_transaction,CC,4259,,,,ARS,,459.0,SALE,NEW,,AR,
2021-08-16,2021-08-16,2021-09-15,SUBSCRIPTION,VISA,4259,,DLOCAL,459.0,ARS,0.0,459.0,SALE,APPROVED,SETTLED,AR,2021-09-16
2021-08-16,,,payment_transaction,CC,4259,,,,ARS,,459.0,SALE,NEW,,AR,
2021-08-16,2021-08-16,2021-09-15,SUBSCRIPTION,VISA,4259,,DLOCAL,459.0,ARS,0.0,459.0,SALE,NEW,SETTLED,AR,2021-09-16
2021-08-16,,,payment_transaction,CC,4259,,,,ARS,,459.0,SALE,APPROVED,,AR,
2021-07-16,2021-07-16,2021-08-15,SUBSCRIPTION,VISA,4259,,DLOCAL,459.0,ARS,0.0,459.0,SALE,NEW,SETTLED,AR,2021-08-16
2021-07-16,,,payment_transaction,CC,4259,,,,ARS,,459.0,SALE,APPROVED,,AR,
2021-07-16,,,payment_transaction,CC,4259,,,,ARS,,459.0,SALE,NEW,,AR,
2021-07-16,2021-07-16,2021-08-15,SUBSCRIPTION,VISA,4259,,DLOCAL,459.0,ARS,0.0,459.0,SALE,APPROVED,SETTLED,AR,2021-08-16
2021-06-16,,,payment_transaction,CC,4259,,,,ARS,,459.0,SALE,APPROVED,,AR,
2021-06-16,,,payment_transaction,CC,4259,,,,ARS,,459.0,SALE,NEW,,AR,
2021-06-16,2021-06-16,2021-07-15,SUBSCRIPTION,VISA,4259,,DLOCAL,459.0,ARS,0.0,459.0,SALE,NEW,SETTLED,AR,2021-07-16
2021-06-16,2021-06-16,2021-07-15,SUBSCRIPTION,VISA,4259,,DLOCAL,459.0,ARS,0.0,459.0,SALE,APPROVED,SETTLED,AR,2021-07-16
2021-05-16,2021-05-16,2021-06-15,SUBSCRIPTION,VISA,4259,,DLOCAL,459.0,ARS,0.0,459.0,SALE,NEW,SETTLED,AR,2021-06-16
2021-05-16,,,payment_transaction,CC,4259,,,,ARS,,459.0,SALE,NEW,,AR,
2021-05-16,,,payment_transaction,CC,4259,,,,ARS,,459.0,SALE,APPROVED,,AR,
2021-05-16,2021-05-16,2021-06-15,SUBSCRIPTION,VISA,4259,,DLOCAL,459.0,ARS,0.0,459.0,SALE,APPROVED,SETTLED,AR,2021-06-16
2021-04-16,,,payment_transaction,CC,4259,,,,ARS,,459.0,SALE,THROTTLED,,AR,
2021-04-16,2021-04-16,2021-05-15,SUBSCRIPTION,VISA,4259,,DLOCAL,459.0,ARS,0.0,459.0,SALE,APPROVED,SETTLED,AR,2021-05-16
2021-04-16,,,payment_transaction,CC,4259,,,,ARS,,459.0,SALE,APPROVED,,AR,
2021-04-16,2021-04-16,2021-05-15,SUBSCRIPTION,VISA,4259,,DLOCAL,459.0,ARS,0.0,459.0,SALE,THROTTLED,SETTLED,AR,2021-05-16
2021-03-16,2021-03-16,2021-04-15,SUBSCRIPTION,VISA,4259,,DLOCAL,459.0,ARS,0.0,459.0,SALE,THROTTLED,SETTLED,AR,2021-04-16
2021-03-16,,,payment_transaction,CC,4259,,,,ARS,,459.0,SALE,APPROVED,,AR,
2021-03-16,,,payment_transaction,CC,4259,,,,ARS,,459.0,SALE,THROTTLED,,AR,
2021-03-16,2021-03-16,2021-04-15,SUBSCRIPTION,VISA,4259,,DLOCAL,459.0,ARS,0.0,459.0,SALE,APPROVED,SETTLED,AR,2021-04-16
2021-02-16,2021-02-16,2021-03-15,SUBSCRIPTION,VISA,4259,,DLOCAL,319.0,ARS,0.0,319.0,SALE,APPROVED,SETTLED,AR,2021-03-16
2021-02-16,,,payment_transaction,CC,4259,,,,ARS,,319.0,SALE,APPROVED,,AR,
2021-01-16,2021-01-16,2021-02-15,SUBSCRIPTION,VISA,4259,,DLOCAL,319.0,ARS,0.0,319.0,SALE,APPROVED,SETTLED,AR,2021-02-16
2021-01-16,,,payment_transaction,CC,4259,,,,ARS,,319.0,SALE,APPROVED,,AR,
2020-12-16,2020-12-16,2021-01-15,SUBSCRIPTION,VISA,4259,,DLOCAL,319.0,ARS,0.0,319.0,SALE,APPROVED,SETTLED,AR,2021-01-16
2020-12-16,,,payment_transaction,CC,4259,,,,ARS,,319.0,SALE,APPROVED,,AR,
2020-11-16,2020-11-16,2020-12-15,SUBSCRIPTION,VISA,4259,,DLOCAL,319.0,ARS,0.0,319.0,SALE,APPROVED,SETTLED,AR,2020-12-16
2020-11-16,,,payment_transaction,CC,4259,,,,ARS,,319.0,SALE,APPROVED,,AR,
2020-11-16,,,payment_transaction,CC,4259,,,,ARS,,319.0,SALE,ACCEPTED,,AR,
2020-11-16,2020-11-16,2020-12-15,SUBSCRIPTION,VISA,4259,,DLOCAL,319.0,ARS,0.0,319.0,SALE,ACCEPTED,SETTLED,AR,2020-12-16
2020-10-16,,,payment_transaction,CC,4259,,,,ARS,,319.0,SALE,APPROVED,,AR,
2020-10-16,2020-10-16,2020-11-15,SUBSCRIPTION,VISA,4259,,DLOCAL,319.0,ARS,0.0,319.0,SALE,APPROVED,SETTLED,AR,2020-11-16
2020-09-16,2020-09-16,2020-10-15,SUBSCRIPTION,VISA,4259,,ADYEN,319.0,ARS,0.0,319.0,SALE,APPROVED,SETTLED,AR,2020-10-16
2020-09-16,,,payment_transaction,CC,4259,,,,ARS,,319.0,SALE,APPROVED,,AR,
2020-08-16,2020-08-16,2020-09-15,SUBSCRIPTION,VISA,4259,,ADYEN,319.0,ARS,0.0,319.0,SALE,APPROVED,SETTLED,AR,2020-09-16
2020-08-16,,,payment_transaction,CC,4259,,,,ARS,,319.0,SALE,APPROVED,,AR,
2020-07-16,2020-07-16,2020-08-15,SUBSCRIPTION,VISA,4259,,ADYEN,319.0,ARS,0.0,319.0,SALE,APPROVED,SETTLED,AR,2020-08-16
2020-07-16,,,payment_transaction,CC,4259,,,,ARS,,319.0,SALE,APPROVED,,AR,
2020-06-16,2020-06-16,2020-07-15,SUBSCRIPTION,VISA,4259,,PAYMENTECH,319.0,ARS,0.0,319.0,,,SETTLED,AR,2020-07-16
2020-05-16,2020-05-16,2020-06-15,SUBSCRIPTION,VISA,4259,,PAYMENTECH,269.0,ARS,0.0,269.0,,,SETTLED,AR,2020-06-16
2020-04-16,2020-04-16,2020-05-15,SUBSCRIPTION,VISA,4259,,ADYEN,269.0,ARS,0.0,269.0,,,SETTLED,AR,2020-05-16
2020-03-16,2020-03-16,2020-04-15,SUBSCRIPTION,VISA,4259,,PAYMENTECH,269.0,ARS,0.0,269.0,,,SETTLED,AR,2020-04-16
2020-02-16,2020-02-16,2020-03-15,SUBSCRIPTION,VISA,4259,,PAYMENTECH,269.0,ARS,0.0,269.0,,,SETTLED,AR,2020-03-16
2020-01-16,2020-01-16,2020-02-15,SUBSCRIPTION,VISA,4259,,ADYEN,269.0,ARS,0.0,269.0,,,SETTLED,AR,2020-02-16
2019-12-16,2019-12-16,2020-01-15,SUBSCRIPTION,VISA,4259,,ADYEN,269.0,ARS,0.0,269.0,SALE,APPROVED,SETTLED,AR,2020-01-16
2019-12-16,,,payment_transaction,CC,4259,,,,ARS,,269.0,SALE,APPROVED,,AR,
2019-11-16,,,payment_transaction,CC,4259,,,,ARS,,269.0,SALE,PENDING,,AR,
2019-11-16,2019-11-16,2019-12-15,SUBSCRIPTION,VISA,4259,,PAYMENTECH,269.0,ARS,0.0,269.0,SALE,PENDING,SETTLED,AR,2019-12-16
2019-11-16,,,payment_transaction,CC,4259,,,,ARS,,269.0,SALE,APPROVED,,AR,
2019-11-16,2019-11-16,2019-12-15,SUBSCRIPTION,VISA,4259,,PAYMENTECH,269.0,ARS,0.0,269.0,SALE,APPROVED,SETTLED,AR,2019-12-16
2019-10-16,,,payment_transaction,CC,4259,,,,ARS,,269.0,SALE,APPROVED,,AR,
2019-10-16,2019-10-16,2019-11-15,SUBSCRIPTION,VISA,4259,,ADYEN,269.0,ARS,0.0,269.0,SALE,APPROVED,SETTLED,AR,2019-11-16
2019-09-16,,,payment_transaction,CC,4259,,,,ARS,,269.0,SALE,PENDING,,AR,
2019-09-16,2019-09-16,2019-10-15,SUBSCRIPTION,VISA,4259,,PAYMENTECH,269.0,ARS,0.0,269.0,SALE,PENDING,SETTLED,AR,2019-10-16
2019-09-16,2019-09-16,2019-10-15,SUBSCRIPTION,VISA,4259,,PAYMENTECH,269.0,ARS,0.0,269.0,SALE,APPROVED,SETTLED,AR,2019-10-16
2019-09-16,,,payment_transaction,CC,4259,,,,ARS,,269.0,SALE,APPROVED,,AR,
2019-08-16,,,payment_transaction,CC,4259,,,,ARS,,269.0,SALE,APPROVED,,AR,
2019-08-16,2019-08-16,2019-09-15,SUBSCRIPTION,VISA,4259,,ADYEN,269.0,ARS,0.0,269.0,SALE,APPROVED,SETTLED,AR,2019-09-16
2019-07-16,2019-07-16,2019-08-15,SUBSCRIPTION,VISA,4259,,ADYEN,219.0,ARS,0.0,219.0,SALE,APPROVED,SETTLED,AR,2019-08-16
2019-07-16,,,payment_transaction,CC,4259,,,,ARS,,219.0,SALE,APPROVED,,AR,
2019-06-16,,,payment_transaction,CC,4259,,,,ARS,,219.0,SALE,APPROVED,,AR,
2019-06-16,2019-06-16,2019-07-15,SUBSCRIPTION,VISA,4259,,ADYEN,219.0,ARS,0.0,219.0,SALE,APPROVED,SETTLED,AR,2019-07-16
2019-05-16,2019-05-16,2019-06-15,SUBSCRIPTION,VISA,4259,,ADYEN,219.0,ARS,0.0,219.0,SALE,APPROVED,SETTLED,AR,2019-06-16
2019-05-16,,,payment_transaction,CC,4259,,,,ARS,,219.0,SALE,APPROVED,,AR,
2019-04-16,,,payment_transaction,CC,4259,,,,ARS,,219.0,SALE,APPROVED,,AR,
2019-04-16,2019-04-16,2019-05-15,SUBSCRIPTION,VISA,4259,,ADYEN,219.0,ARS,0.0,219.0,SALE,APPROVED,SETTLED,AR,2019-05-16
2019-03-16,,,payment_transaction,CC,,,,,ARS,,219.0,SALE,APPROVED,,AR,
2019-03-16,2019-03-16,2019-04-15,SUBSCRIPTION,VISA,4259,,ADYEN,219.0,ARS,0.0,219.0,SALE,APPROVED,SETTLED,AR,2019-04-16
2019-02-16,2019-02-16,2019-03-15,SUBSCRIPTION,VISA,4259,,ADYEN,219.0,ARS,0.0,219.0,SALE,APPROVED,SETTLED,AR,2019-03-16
2019-02-16,,,payment_transaction,CC,,,,,ARS,,219.0,SALE,APPROVED,,AR,
2019-01-16,2019-01-16,2019-02-15,SUBSCRIPTION,VISA,4259,,PAYMENTECH,219.0,ARS,0.0,219.0,SALE,APPROVED,SETTLED,AR,2019-02-16
2019-01-16,,,payment_transaction,CC,,,,,ARS,,219.0,SALE,APPROVED,,AR,
2019-01-16,2019-01-16,2019-02-15,SUBSCRIPTION,VISA,4259,,PAYMENTECH,219.0,ARS,0.0,219.0,SALE,PENDING,SETTLED,AR,2019-02-16
2019-01-16,,,payment_transaction,CC,,,,,ARS,,219.0,SALE,PENDING,,AR,
2018-12-16,2018-12-16,2019-01-15,SUBSCRIPTION,VISA,4259,,PAYMENTECH,219.0,ARS,0.0,219.0,SALE,PENDING,SETTLED,AR,2019-01-16
2018-12-16,,,payment_transaction,CC,,,,,ARS,,219.0,SALE,APPROVED,,AR,
2018-12-16,,,payment_transaction,CC,,,,,ARS,,219.0,SALE,PENDING,,AR,
2018-12-16,2018-12-16,2019-01-15,SUBSCRIPTION,VISA,4259,,PAYMENTECH,219.0,ARS,0.0,219.0,SALE,APPROVED,SETTLED,AR,2019-01-16
2018-11-16,,,payment_transaction,CC,,,,,ARS,,169.0,SALE,APPROVED,,AR,
2018-11-16,,,payment_transaction,CC,,,,,ARS,,169.0,SALE,PENDING,,AR,
2018-11-16,2018-11-16,2018-12-15,SUBSCRIPTION,VISA,4259,,PAYMENTECH,169.0,ARS,0.0,169.0,SALE,APPROVED,SETTLED,AR,2018-12-16
2018-11-16,2018-11-16,2018-12-15,SUBSCRIPTION,VISA,4259,,PAYMENTECH,169.0,ARS,0.0,169.0,SALE,PENDING,SETTLED,AR,2018-12-16
2018-10-16,2018-10-16,2018-11-15,SUBSCRIPTION,VISA,4259,,PAYMENTECH,169.0,ARS,0.0,169.0,SALE,APPROVED,SETTLED,AR,2018-11-16
2018-10-16,2018-10-16,2018-11-15,SUBSCRIPTION,VISA,4259,,PAYMENTECH,169.0,ARS,0.0,169.0,SALE,PENDING,SETTLED,AR,2018-11-16
2018-10-16,,,payment_transaction,CC,,,,,ARS,,169.0,SALE,APPROVED,,AR,
2018-10-16,,,payment_transaction,CC,,,,,ARS,,169.0,SALE,PENDING,,AR,
2018-09-16,,,payment_transaction,CC,,,,,ARS,,169.0,SALE,PENDING,,AR,
2018-09-16,2018-09-16,2018-10-15,SUBSCRIPTION,VISA,4259,,PAYMENTECH,169.0,ARS,0.0,169.0,SALE,PENDING,SETTLED,AR,2018-10-16
2018-09-16,2018-09-16,2018-10-15,SUBSCRIPTION,VISA,4259,,PAYMENTECH,169.0,ARS,0.0,169.0,SALE,APPROVED,SETTLED,AR,2018-10-16
2018-09-16,,,payment_transaction,CC,,,,,ARS,,169.0,SALE,APPROVED,,AR,
2018-08-16,2018-08-16,2018-09-15,SUBSCRIPTION,VISA,4259,,PAYMENTECH,169.0,ARS,0.0,169.0,,,SETTLED,AR,2018-09-16
2018-07-16,2018-07-16,2018-08-15,SUBSCRIPTION,VISA,4259,,PAYMENTECH,169.0,ARS,0.0,169.0,,,SETTLED,AR,2018-08-16
2018-06-16,2018-06-16,2018-07-15,SUBSCRIPTION,VISA,4259,,PAYMENTECH,169.0,ARS,0.0,169.0,,,SETTLED,AR,2018-07-16
2018-05-16,2018-05-16,2018-06-15,SUBSCRIPTION,VISA,4259,,PAYMENTECH,169.0,ARS,0.0,169.0,,,SETTLED,AR,2018-06-16
2018-04-16,2018-04-16,2018-05-15,SUBSCRIPTION,VISA,4259,,ADYEN,169.0,ARS,0.0,169.0,,,SETTLED,AR,2018-05-16
2018-03-16,2018-03-16,2018-04-15,SUBSCRIPTION,VISA,4259,,ADYEN,169.0,ARS,0.0,169.0,,,SETTLED,AR,2018-04-16
2018-02-16,2018-02-16,2018-03-15,SUBSCRIPTION,VISA,4259,,ADYEN,169.0,ARS,0.0,169.0,,,SETTLED,AR,2018-03-16
