Esn,Country,Region Code,Device Description,Ip,Ts
NFCDIE-AP-K9U2AMKM0EWEUR5E7HPW42J7KV2MNK,AR,B,M2003J15SC,186.152.170.85,2023-06-29 04:32:27
NFANDROID1-PRV-P-SAMSUSM-A035M-23951-51616C152E0A6BA6FF2395DA49B75C16D5E0ECAFD1204A386AD8D631FB91B03C,AR,B,DefaultWidevineAndroidPhone,186.152.170.85,2023-06-26 20:22:31
NFANDROID1-PRV-P-L3-SAMSUSM-G930F-4445-42CA6C505CC50CFB96BC61103EFA7B0771DF4C9F39ACD6BC79E8BDE442437414,AR,B,Android DefaultWidevineL3Phone Android Phone,168.228.147.215,2023-01-04 16:19:01
NFCDOP-01-KCFH6X4V2EAPTQFRYQ6E3TWNAJAEE0,AR,B,Browser - Windows,186.152.170.85,2023-07-29 21:58:20
NFCDIE-03-HE2LCZ44RWQMNM67P33DDXE7X19END,AR,B,Edge - Windows,186.152.170.85,2023-07-21 17:52:38
