Profile Name,Esn,Device Type,Acct First Playback Date,Acct Last Playback Date,Acct First Playback Date For User Generated Plays,Acct Last Playback Date For User Generated Plays,Profile First Playback Date,Profile Last Playback Date,Profile First Playback Date For User Generated Plays,Profile Last Playback Date For User Generated Plays,Deactivation Time
Ceci,NFCDCH-AP-K9LWVUL8XDUNQ6AARJCAW6CU1QJJXH,Netflix Android Phone-Chrome Android Phone,,,,,,,,,1970-01-01T00:00:00.000Z
Ceci,NFANDROID1-PRV-P-L3-XIAOMM2003J15SC-22594-03A6D38B3C0FD5544C968ECC5BAECD0A7B3EB36DD8B3A27EFB75ED22F223E8512,Android DefaultWidevineL3Phone Android Phone,,,,,,,,,1970-01-01T00:00:00.000Z
Ceci,NFANDROID1-PRV-P-L3-XIAOMM2003J15SC-22594-092566503BDA5723AE7987AA3887D956414E41B901EB84EC8BCA3120FA8DF6125,Android DefaultWidevineL3Phone Android Phone,,,,,,,,,1970-01-01T00:00:00.000Z
Ceci,NFCDIE-03-GWNHJR735E52Q87L4D3UPLFLQ0M9XV,Edge OSS - Windows (Cadmium),2021-06-26T04:52:44.783Z,2023-09-14T03:29:54.417Z,2021-09-14T20:42:20.089Z,2023-09-10T19:16:46.454Z,2021-06-26T04:52:44.783Z,2023-09-14T03:29:54.417Z,2021-09-14T20:42:20.089Z,2023-09-10T19:16:46.454Z,1970-01-01T00:00:00.000Z
Ceci,NFANDROID1-PRV-P-L3-XIAOMM2003J15SC-22594-01712AC5B3F4EFB02066328DE4EA6126969939353D7062542159C5C1C37C17B78,Android DefaultWidevineL3Phone Android Phone,,,,,,,,,1970-01-01T00:00:00.000Z
Ceci,NFANDROID1-PRV-P-L3-XIAOMM2003J15SC-22594-0F7EE0689FFF30C41C8D6418FF2D25E7CFF1AFF25FBCB6D866F2622FE6D226913,Android DefaultWidevineL3Phone Android Phone,,,,,,,,,1970-01-01T00:00:00.000Z
Ceci,NFANDROID1-PRV-P-XIAOMM2003J15SC-17239-A95EFD311782969162B8B0E855DE1DEE95AFEE6B4C713767DC39E9898E1BDF1A,DefaultWidevineAndroidPhone,2022-10-15T05:51:21.172Z,2023-09-14T02:18:39.633Z,2022-10-15T05:51:21.172Z,2023-09-14T02:18:39.633Z,2022-10-15T05:51:21.172Z,2023-09-14T02:18:39.633Z,2022-10-15T05:51:21.172Z,2023-09-14T02:18:39.633Z,1970-01-01T00:00:00.000Z
Ceci,NFANDROID1-PRV-P-L3-SAMSUSM-G930F-4445-42CA6C505CC50CFB96BC61103EFA7B0771DF4C9F39ACD6BC79E8BDE442437414,Android DefaultWidevineL3Phone Android Phone,2023-01-04T16:19:40.056Z,2023-09-11T02:36:28.048Z,2023-01-04T16:19:40.056Z,2023-09-11T02:36:28.048Z,2023-01-04T16:19:40.056Z,2023-09-11T02:36:28.048Z,2023-01-04T16:19:40.056Z,2023-09-11T02:36:28.048Z,1970-01-01T00:00:00.000Z
Ceci,NFANDROID2-PRV-TCL2021FHDTVMT9221-TCL==SMART=TV-21971-D5331932636BF6B46F5D4B77E3724BB49FC35ED7AA0356B3509C33058958E3CD,TCL TV TCL 2021 FHD TV MT9221 Smart TV,2023-04-08T14:17:45.480Z,2023-09-08T23:43:31.291Z,2023-04-08T14:17:45.480Z,2023-09-08T23:43:31.291Z,2023-04-08T14:17:45.480Z,2023-09-08T23:43:31.291Z,2023-04-08T14:17:45.480Z,2023-09-08T23:43:31.291Z,1970-01-01T00:00:00.000Z
Ceci,NFCDIE-03-JC6Y0V1HCTTUY82HGVE67F6DCWEPT8,Edge OSS - Windows (Cadmium),2022-06-30T14:33:53.156Z,2023-09-08T00:10:48.596Z,2022-07-03T17:08:43.995Z,2023-09-08T00:10:48.596Z,2022-06-30T14:33:53.156Z,2023-09-08T00:10:48.596Z,2022-07-03T17:08:43.995Z,2023-09-08T00:10:48.596Z,1970-01-01T00:00:00.000Z
Ceci,NFCDOP-01-KCFH6X4V2EAPTQFRYQ6E3TWNAJAEE0,Netflix Opera Other,2023-07-29T21:57:28.272Z,2023-09-04T19:55:34.144Z,2023-07-29T21:59:40.772Z,2023-09-04T19:55:34.144Z,2023-07-29T21:57:28.272Z,2023-09-04T19:55:34.144Z,2023-07-29T21:59:40.772Z,2023-09-04T19:55:34.144Z,1970-01-01T00:00:00.000Z
Ceci,NFCDIE-03-GUUXM5D6G68YH674UUFFRJV405Y84J,Edge OSS - Windows (Cadmium),2021-09-17T16:21:24.240Z,2023-09-01T17:01:37.076Z,2021-09-17T16:21:24.240Z,2023-09-01T17:01:37.076Z,2021-09-17T16:21:24.240Z,2023-09-01T17:01:37.076Z,2021-09-17T16:21:24.240Z,2023-09-01T17:01:37.076Z,1970-01-01T00:00:00.000Z
Ceci,NFANDROID1-PRV-P-L3-XIAOMM2003J15SC-22594-06513C4EA0A8C7991B230EFAAF70D454D6F2201CAA13101168315088C219408CF,Android DefaultWidevineL3Phone Android Phone,,,,,,,,,1970-01-01T00:00:00.000Z
Ceci,NFANDROID1-PRV-P-L3-XIAOMM2003J15SC-22594-0DB2D16F7D0867833052C8F59CE530D740E3E5E3F2FCADAC0CE15EDA6A5540DFF,Android DefaultWidevineL3Phone Android Phone,,,,,,,,,1970-01-01T00:00:00.000Z
Ceci,NFANDROID2-PRV-2K18FHDATV-TCL==UNIONTV-8204-2AF55D72D8358F29C780964BF4B961C2C8DBB6A435D2F3C83B2D09DBA1F68AB8,TCL 2K18 FHD UnionTV Smart TV,2020-01-14T05:27:02.540Z,2023-08-03T21:27:27.539Z,2020-01-14T05:27:02.540Z,2023-08-03T21:13:29.264Z,2020-01-14T05:27:02.540Z,2023-08-03T21:27:27.539Z,2020-01-14T05:27:02.540Z,2023-08-03T21:13:29.264Z,1970-01-01T00:00:00.000Z
Ceci,NFCDCH-02-HC9HXG7PEUTLD8QL2PVEXGRUM4R92T,Chrome PC (Cadmium),2021-09-29T22:52:53.124Z,2023-07-29T03:59:26.272Z,2021-09-29T22:52:53.124Z,2023-07-29T03:59:26.272Z,2021-09-29T22:52:53.124Z,2023-07-29T03:59:26.272Z,2021-09-29T22:52:53.124Z,2023-07-29T03:59:26.272Z,1970-01-01T00:00:00.000Z
Ceci,NFUWA-001-89908CB8EA60DCBC09BDFE9159467F91B20043AE6D51EF67335763D2A66514182839A62C47E6CBD6C3190A7B18C67891FBD5B900F064AD3B432AD0E65E7D832F,Netflix Windows App - Cadmium Windows Mobile,2023-07-02T00:25:38.252Z,2023-07-27T01:40:49.855Z,2023-07-02T00:25:38.252Z,2023-07-11T18:26:22.152Z,2023-07-02T00:25:38.252Z,2023-07-27T01:40:49.855Z,2023-07-02T00:25:38.252Z,2023-07-11T18:26:22.152Z,1970-01-01T00:00:00.000Z
Ceci,NFCDIE-03-H7RXW2D2F0VVX9CNDJ4MG9U05ATVCJ,Edge OSS - Windows (Cadmium),2021-05-12T10:48:50.499Z,2023-07-23T21:30:07.151Z,2021-05-12T10:48:50.499Z,2023-07-23T21:30:07.151Z,2021-05-12T10:48:50.499Z,2023-07-23T21:30:07.151Z,2021-05-12T10:48:50.499Z,2023-07-23T21:30:07.151Z,1970-01-01T00:00:00.000Z
Ceci,NFCDIE-03-HE2LCZ44RWQMNM67P33DDXE7X19END,Edge OSS - Windows (Cadmium),2021-06-28T18:16:17.928Z,2023-07-21T18:09:17.798Z,2023-04-07T18:24:39.732Z,2023-07-21T18:09:17.798Z,2021-06-28T18:16:17.928Z,2023-07-21T18:09:17.798Z,2023-04-07T18:24:39.732Z,2023-07-21T18:09:17.798Z,2023-07-21T17:52:04.774Z
Ceci,NFANDROID1-PRV-P-L3-XIAOMM2003J15SC-22594-0131032AC27106F72E57CE11217D2F4A9BD1CD1FB7E549C522853CA477567D30F,Android DefaultWidevineL3Phone Android Phone,,,,,,,,,1970-01-01T00:00:00.000Z
Ceci,NFUWA-001-2D267B813E8FC3A2648465DCFBE0A061341EBD2A85A1C1410387EE16F912B2FD,Netflix Windows App - Cadmium Windows Mobile,2022-06-23T12:14:04.391Z,2023-07-02T18:07:24.604Z,2023-01-05T16:47:38.180Z,2023-07-02T18:07:24.604Z,2022-06-23T12:14:04.391Z,2023-07-02T18:07:24.604Z,2023-01-05T16:47:38.180Z,2023-07-02T18:07:24.604Z,1970-01-01T00:00:00.000Z
Ceci,NFCDIE-AP-K9U2AMKM0EWEUR5E7HPW42J7KV2MNK,Netflix Android Phone Edge HTML 5,,,,,,,,,1970-01-01T00:00:00.000Z
Ceci,NFANDROID1-PRV-P-SAMSUSM-A035M-23951-51616C152E0A6BA6FF2395DA49B75C16D5E0ECAFD1204A386AD8D631FB91B03C,DefaultWidevineAndroidPhone,2023-06-26T20:22:38.003Z,2023-06-28T14:52:29.843Z,2023-06-26T20:22:38.003Z,2023-06-28T14:52:29.843Z,2023-06-26T20:22:38.003Z,2023-06-28T14:52:29.843Z,2023-06-26T20:22:38.003Z,2023-06-28T14:52:29.843Z,1970-01-01T00:00:00.000Z
Ceci,NFCDCH-02-GU660UHCEY1QCNGVQKUH73Q0QDDKUY,Chrome PC (Cadmium),2022-08-10T18:26:18.991Z,2023-06-23T17:52:02.059Z,2022-08-10T18:26:18.991Z,2023-06-23T17:52:02.059Z,2022-08-10T18:26:18.991Z,2023-06-23T17:52:02.059Z,2022-08-10T18:26:18.991Z,2023-06-23T17:52:02.059Z,1970-01-01T00:00:00.000Z
Ceci,NFUWA-001-7331EADF6CE6D0E1FC2C491AC1523EEC08AEB498FFC1625DC70B7B18F5DB0B4C,Netflix Windows App - Cadmium Windows Mobile,2023-06-03T20:14:49.929Z,2023-06-11T19:43:17.092Z,2023-06-03T20:14:49.929Z,2023-06-11T19:02:10.891Z,2023-06-03T20:14:49.929Z,2023-06-11T19:43:17.092Z,2023-06-03T20:14:49.929Z,2023-06-11T19:02:10.891Z,1970-01-01T00:00:00.000Z
Ceci,NFCDIE-03-K7R2DGFJVY5L9F8CT7N6CCTPPUJUHD,Edge OSS - Windows (Cadmium),,,,,,,,,1970-01-01T00:00:00.000Z
Ceci,NFANDROID1-PRV-P-L3-XIAOMM2003J15SC-22594-05EA61466BC039FB6AE3CD1CBF8393E19506AE0575FEDE139378B610DF31AB884,Android DefaultWidevineL3Phone Android Phone,,,,,,,,,1970-01-01T00:00:00.000Z
Ceci,NFANDROID1-PRV-P-L3-XIAOMM2003J15SC-22594-04F001E280933776C09C4B5B03433E858269CD18B5335FF8E3209FD57EF0F7BB9,Android DefaultWidevineL3Phone Android Phone,,,,,,,,,1970-01-01T00:00:00.000Z
Ceci,NFANDROID1-PRV-P-L3-XIAOMM2003J15SC-22594-0B12D74B27948BC162D88E230579B06C70FC5FFEDDA7C263F3D54D6E316C6F3B3,Android DefaultWidevineL3Phone Android Phone,,,,,,,,,1970-01-01T00:00:00.000Z
Ceci,NFANDROID1-PRV-P-L3-XIAOMM2003J15SC-22594-08B5E34D02F421B12637F7C9DC767B1ECCF87C3B226B36D0524BBFE1573DB264D,Android DefaultWidevineL3Phone Android Phone,,,,,,,,,1970-01-01T00:00:00.000Z
Ceci,NFCDIE-03-K72NUTHVV19GW1UT0HUVVTAPDYK225,Edge OSS - Windows (Cadmium),2023-05-27T01:05:42.969Z,2023-05-27T01:05:42.969Z,,,2023-05-27T01:05:42.969Z,2023-05-27T01:05:42.969Z,,,1970-01-01T00:00:00.000Z
Ceci,NFCDIE-03-K3LCT8QPP3AGP0Q51GH1WN76ET8NMJ,Edge OSS - Windows (Cadmium),,,,,,,,,1970-01-01T00:00:00.000Z
Ceci,NFCDIE-03-K3LCT81WDYP10GEYR0ARPJACQY9JGT,Edge OSS - Windows (Cadmium),,,,,,,,,1970-01-01T00:00:00.000Z
Ceci,NFCDOT-AT-K3LCT5315QCN54D1580V09AWUENQ5N,Netflix Android Tablet Other HTML 5,,,,,,,,,1970-01-01T00:00:00.000Z
Ceci,NFCDIE-03-K30QY8K9TARLUXEAJP3DAC3AH0LMTU,Edge OSS - Windows (Cadmium),,,,,,,,,1970-01-01T00:00:00.000Z
Ceci,NFCDCH-02-HA2R3WGVD9PALUW7L04HM28407Q11N,Chrome PC (Cadmium),2021-05-23T18:10:08.636Z,2023-04-04T21:42:20.777Z,2021-10-03T16:11:23.664Z,2023-04-04T21:42:20.777Z,2021-05-23T18:10:08.636Z,2023-04-04T21:42:20.777Z,2021-10-03T16:11:23.664Z,2023-04-04T21:42:20.777Z,1970-01-01T00:00:00.000Z
Ceci,NFANDROID1-PRV-P-L3-SAMSUSM-G930F-4445-013E602324402D416A1530EF49AB56FFE5623DAC3416BA0B5158B56B3152CB4BC,Android DefaultWidevineL3Phone Android Phone,,,,,,,,,1970-01-01T00:00:00.000Z
Ceci,NFANDROID1-PRV-P-L3-XIAOMM2003J15SC-22594-079F36602A3480A4F7746AD742449DA1D2DDDB819E148C7D519138D368945ACF4,Android DefaultWidevineL3Phone Android Phone,,,,,,,,,1970-01-01T00:00:00.000Z
Ceci,NFANDROID1-PRV-P-L3-SAMSUSM-G930F-4445-0CB27078E704CC7C4B0B5BEC4A1C4DFE09A77EDB95E489BA01BB02B02C9339218,Android DefaultWidevineL3Phone Android Phone,,,,,,,,,1970-01-01T00:00:00.000Z
Ceci,NFANDROID1-PRV-P-L3-SAMSUSM-G930F-4445-024639946E4EEB16B6DEA46D653BE522E9A8DF0FA43307DFF0822E0A75C1BB4AB,Android DefaultWidevineL3Phone Android Phone,,,,,,,,,1970-01-01T00:00:00.000Z
Ceci,NFANDROID1-PRV-P-L3-XIAOMM2003J15SC-22594-0481F6C69C31AB67F8838D68C6CFD555B4AE1E59CE3102157BCC675CC060D8A72,Android DefaultWidevineL3Phone Android Phone,,,,,,,,,1970-01-01T00:00:00.000Z
Ceci,NFANDROID1-PRV-P-L3-XIAOMM2003J15SC-22594-0876415FF53928B9F5A318B1D7436355ECD434600B0BCE95150BB2E8815C51100,Android DefaultWidevineL3Phone Android Phone,,,,,,,,,1970-01-01T00:00:00.000Z
Ceci,NFANDROID1-PRV-P-L3-XIAOMM2003J15SC-8158-0876415FF53928B9F5A318B1D7436355ECD434600B0BCE95150BB2E8815C51100,Android DefaultWidevineL3Phone Android Phone,,,,,,,,,1970-01-01T00:00:00.000Z
Ceci,NFANDROID1-PRV-P-XIAOMM2003J15SC-17239-08BBFEDA04F881941DCCE9D491D80B33706D39C16DD9D982CD15EE6D12635D4E7,DefaultWidevineAndroidPhone,2021-06-22T03:32:53.233Z,2022-10-12T04:11:05.795Z,2021-06-22T03:32:53.233Z,2022-10-12T04:11:05.795Z,2021-06-22T03:32:53.233Z,2022-10-12T04:11:05.795Z,2021-06-22T03:32:53.233Z,2022-10-12T04:11:05.795Z,1970-01-01T00:00:00.000Z
Ceci,NFANDROID1-PRV-P-L3-XIAOMM2003J15SC-8158-0B0901DF5C3E94589CB1169E0CAD3DD133561B6F9C27195CB8FF148CF33DEA807,Android DefaultWidevineL3Phone Android Phone,,,,,,,,,1970-01-01T00:00:00.000Z
Ceci,NFCDCH-02-JG7Y1NVYJ89WNHRUCJGNACCXNCAJX8,Chrome PC (Cadmium),,,,,,,,,1970-01-01T00:00:00.000Z
Ceci,NFCDCH-02-JG7Y18QVAX2VVDYCWXJG4335K7LAMJ,Chrome PC (Cadmium),,,,,,,,,1970-01-01T00:00:00.000Z
Ceci,NFPS4-001-9KDUQGF8PWTDKPVAKTGP1P5EF0,Sony PS4,2021-01-01T05:27:54.966Z,2022-07-23T03:32:39.622Z,2021-01-01T05:27:54.966Z,2022-07-23T03:32:39.622Z,2021-01-01T05:27:54.966Z,2022-07-23T03:32:39.622Z,2021-01-01T05:27:54.966Z,2022-07-23T03:32:39.622Z,1970-01-01T00:00:00.000Z
Ceci,NFANDROID1-PRV-P-L3-XIAOMM2003J15SC-8158-01FDA8F02F5ECA16BA2172AA19F04C000F2806256239197844839311A832B2C2C,Android DefaultWidevineL3Phone Android Phone,,,,,,,,,1970-01-01T00:00:00.000Z
Ceci,NFANDROID1-PRV-P-L3-SAMSUSM-G930F-4445-016769D05A630CDAF00857B83199F1A7EA6888DE3CA976FD092B3DB13C6DBD341,Android DefaultWidevineL3Phone Android Phone,,,,,,,,,1970-01-01T00:00:00.000Z
Ceci,NFANDROID1-PRV-P-L3-XIAOMM2003J15SC-8158-0ACBB30369D7DB6AB31510579E1959EFFE9A3F1DFB7D47340F1D1D401ECA0923D,Android DefaultWidevineL3Phone Android Phone,,,,,,,,,1970-01-01T00:00:00.000Z
Ceci,NFCDIE-03-J80LY1HRY5Y741XCG0T2WLCN8UXK20,Edge OSS - Windows (Cadmium),,,,,,,,,1970-01-01T00:00:00.000Z
Ceci,HVSMTVK56300000000000000000000000001195936,Hisense ODM MTK5659 5.0 FHD TV Smart TV,2021-12-30T16:31:27.679Z,2022-03-27T13:17:58.355Z,2021-12-30T16:31:53.552Z,2022-02-28T22:13:27.289Z,2021-12-30T16:31:27.679Z,2022-03-27T13:17:58.355Z,2021-12-30T16:31:53.552Z,2022-02-28T22:13:27.289Z,1970-01-01T00:00:00.000Z
Ceci,HISETVK54300000000000000000000000000112853,Hisense MTK5659 5.0 FHD TV Smart TV,2021-12-30T16:27:37.758Z,2022-01-08T04:13:24.656Z,2021-12-30T16:28:09.628Z,2022-01-08T04:13:24.656Z,2021-12-30T16:27:37.758Z,2022-01-08T04:13:24.656Z,2021-12-30T16:28:09.628Z,2022-01-08T04:13:24.656Z,1970-01-01T00:00:00.000Z
Ceci,NFCDIE-02-KYVIBSFWYM7GM96HB3UGL8H5SDPAAM,Edge (Cadmium),,,,,,,,,1970-01-01T00:00:00.000Z
Ceci,NFCDCH-02-HVA7XWTG8H3Q6PTWFK9L3K432UWPRW,Chrome PC (Cadmium),2021-12-11T22:03:14.163Z,2021-12-11T22:03:14.163Z,2021-12-11T22:03:14.163Z,2021-12-11T22:03:14.163Z,2021-12-11T22:03:14.163Z,2021-12-11T22:03:14.163Z,2021-12-11T22:03:14.163Z,2021-12-11T22:03:14.163Z,1970-01-01T00:00:00.000Z
Ceci,PHTV16LMT1-26-02-16-01-0000000000000205061,Philips MT5596L with FRC MST7484GC Smart TV,,,,,,,,,1970-01-01T00:00:00.000Z
Felipe,NFCDIE-03-GWNHJR735E52Q87L4D3UPLFLQ0M9XV,Edge OSS - Windows (Cadmium),2021-06-26T04:52:44.783Z,2023-09-14T03:29:54.417Z,2021-09-14T20:42:20.089Z,2023-09-10T19:16:46.454Z,2021-06-26T04:52:44.783Z,2023-09-14T03:29:54.417Z,2021-09-14T20:42:20.089Z,2023-09-10T19:16:46.454Z,
Felipe,NFANDROID1-PRV-P-XIAOMM2003J15SC-17239-A95EFD311782969162B8B0E855DE1DEE95AFEE6B4C713767DC39E9898E1BDF1A,DefaultWidevineAndroidPhone,2022-10-15T05:51:21.172Z,2023-09-14T02:18:39.633Z,2022-10-15T05:51:21.172Z,2023-09-14T02:18:39.633Z,2022-10-15T05:51:21.172Z,2023-09-14T02:18:39.633Z,2022-10-15T05:51:21.172Z,2023-09-14T02:18:39.633Z,
Bernardo,NFANDROID1-PRV-P-L3-SAMSUSM-G930F-4445-42CA6C505CC50CFB96BC61103EFA7B0771DF4C9F39ACD6BC79E8BDE442437414,Android DefaultWidevineL3Phone Android Phone,2023-01-04T16:19:40.056Z,2023-09-11T02:36:28.048Z,2023-01-04T16:19:40.056Z,2023-09-11T02:36:28.048Z,2023-01-04T16:19:40.056Z,2023-09-11T02:36:28.048Z,2023-01-04T16:19:40.056Z,2023-09-11T02:36:28.048Z,
Sergio,NFANDROID2-PRV-TCL2021FHDTVMT9221-TCL==SMART=TV-21971-D5331932636BF6B46F5D4B77E3724BB49FC35ED7AA0356B3509C33058958E3CD,TCL TV TCL 2021 FHD TV MT9221 Smart TV,2023-04-08T14:17:45.480Z,2023-09-08T23:43:31.291Z,2023-04-08T14:17:45.480Z,2023-09-08T23:43:31.291Z,2023-04-08T14:17:45.480Z,2023-09-08T23:43:31.291Z,2023-04-08T14:17:45.480Z,2023-09-08T23:43:31.291Z,
Bernardo,NFCDIE-03-JC6Y0V1HCTTUY82HGVE67F6DCWEPT8,Edge OSS - Windows (Cadmium),2022-06-30T14:33:53.156Z,2023-09-08T00:10:48.596Z,2022-07-03T17:08:43.995Z,2023-09-08T00:10:48.596Z,2022-07-03T17:07:04.907Z,2023-09-08T00:10:48.596Z,2022-07-03T17:08:43.995Z,2023-09-08T00:10:48.596Z,
Felipe,NFCDIE-03-JC6Y0V1HCTTUY82HGVE67F6DCWEPT8,Edge OSS - Windows (Cadmium),2022-06-30T14:33:53.156Z,2023-09-08T00:10:48.596Z,2022-07-03T17:08:43.995Z,2023-09-08T00:10:48.596Z,2022-06-30T14:33:53.156Z,2023-09-05T04:25:19.915Z,2022-07-29T01:32:45.079Z,2023-09-03T00:19:28.712Z,
Bernardo,NFCDOP-01-KCFH6X4V2EAPTQFRYQ6E3TWNAJAEE0,Netflix Opera Other,2023-07-29T21:57:28.272Z,2023-09-04T19:55:34.144Z,2023-07-29T21:59:40.772Z,2023-09-04T19:55:34.144Z,2023-07-29T21:57:28.272Z,2023-09-04T19:55:34.144Z,2023-07-29T21:59:40.772Z,2023-09-04T19:55:34.144Z,
Bernardo,NFCDIE-03-GUUXM5D6G68YH674UUFFRJV405Y84J,Edge OSS - Windows (Cadmium),2021-09-17T16:21:24.240Z,2023-09-01T17:01:37.076Z,2021-09-17T16:21:24.240Z,2023-09-01T17:01:37.076Z,2021-09-17T16:21:24.240Z,2023-09-01T17:01:37.076Z,2021-09-17T16:21:24.240Z,2023-09-01T17:01:37.076Z,
Felipe,NFANDROID2-PRV-2K18FHDATV-TCL==UNIONTV-8204-2AF55D72D8358F29C780964BF4B961C2C8DBB6A435D2F3C83B2D09DBA1F68AB8,TCL 2K18 FHD UnionTV Smart TV,2020-01-14T05:27:02.540Z,2023-08-03T21:27:27.539Z,2020-01-14T05:27:02.540Z,2023-08-03T21:13:29.264Z,2023-08-02T20:02:22.422Z,2023-08-03T21:27:27.539Z,2023-08-03T16:30:27.120Z,2023-08-03T21:13:29.264Z,
Sergio,NFCDCH-02-HC9HXG7PEUTLD8QL2PVEXGRUM4R92T,Chrome PC (Cadmium),2021-09-29T22:52:53.124Z,2023-07-29T03:59:26.272Z,2021-09-29T22:52:53.124Z,2023-07-29T03:59:26.272Z,2021-09-29T22:52:53.124Z,2023-07-29T03:59:26.272Z,2021-09-29T22:52:53.124Z,2023-07-29T03:59:26.272Z,
Felipe,NFUWA-001-89908CB8EA60DCBC09BDFE9159467F91B20043AE6D51EF67335763D2A66514182839A62C47E6CBD6C3190A7B18C67891FBD5B900F064AD3B432AD0E65E7D832F,Netflix Windows App - Cadmium Windows Mobile,2023-07-02T00:25:38.252Z,2023-07-27T01:40:49.855Z,2023-07-02T00:25:38.252Z,2023-07-11T18:26:22.152Z,2023-07-02T00:25:38.252Z,2023-07-27T01:40:49.855Z,2023-07-02T00:25:38.252Z,2023-07-11T18:26:22.152Z,
Sergio,NFCDIE-03-HE2LCZ44RWQMNM67P33DDXE7X19END,Edge OSS - Windows (Cadmium),2021-06-28T18:16:17.928Z,2023-07-21T18:09:17.798Z,2023-04-07T18:24:39.732Z,2023-07-21T18:09:17.798Z,2021-06-28T18:16:17.928Z,2023-07-21T18:09:17.798Z,2023-04-07T18:24:39.732Z,2023-07-21T18:09:17.798Z,
Bernardo,NFUWA-001-2D267B813E8FC3A2648465DCFBE0A061341EBD2A85A1C1410387EE16F912B2FD,Netflix Windows App - Cadmium Windows Mobile,2022-06-23T12:14:04.391Z,2023-07-02T18:07:24.604Z,2023-01-05T16:47:38.180Z,2023-07-02T18:07:24.604Z,2023-05-14T17:34:22.831Z,2023-07-02T18:07:24.604Z,2023-05-14T17:34:22.831Z,2023-07-02T18:07:24.604Z,
Felipe,NFUWA-001-2D267B813E8FC3A2648465DCFBE0A061341EBD2A85A1C1410387EE16F912B2FD,Netflix Windows App - Cadmium Windows Mobile,2022-06-23T12:14:04.391Z,2023-07-02T18:07:24.604Z,2023-01-05T16:47:38.180Z,2023-07-02T18:07:24.604Z,2022-06-23T12:14:04.391Z,2023-07-02T17:36:52.956Z,2023-01-05T16:47:38.180Z,2023-06-13T05:54:18.545Z,
Bernardo,NFCDCH-02-GU660UHCEY1QCNGVQKUH73Q0QDDKUY,Chrome PC (Cadmium),2022-08-10T18:26:18.991Z,2023-06-23T17:52:02.059Z,2022-08-10T18:26:18.991Z,2023-06-23T17:52:02.059Z,2022-08-10T18:26:18.991Z,2023-06-23T17:52:02.059Z,2022-08-10T18:26:18.991Z,2023-06-23T17:52:02.059Z,
Felipe,NFANDROID2-PRV-TCL2021FHDTVMT9221-TCL==SMART=TV-21971-D5331932636BF6B46F5D4B77E3724BB49FC35ED7AA0356B3509C33058958E3CD,TCL TV TCL 2021 FHD TV MT9221 Smart TV,2023-04-08T14:17:45.480Z,2023-09-08T23:43:31.291Z,2023-04-08T14:17:45.480Z,2023-09-08T23:43:31.291Z,2023-06-14T14:58:41.035Z,2023-06-14T14:58:41.035Z,,,
Sergio,NFCDIE-03-H7RXW2D2F0VVX9CNDJ4MG9U05ATVCJ,Edge OSS - Windows (Cadmium),2021-05-12T10:48:50.499Z,2023-07-23T21:30:07.151Z,2021-05-12T10:48:50.499Z,2023-07-23T21:30:07.151Z,2023-03-18T18:28:01.761Z,2023-06-11T00:03:11.052Z,2023-03-18T18:28:01.761Z,2023-06-11T00:03:11.052Z,
Sergio,NFCDIE-03-K72NUTHVV19GW1UT0HUVVTAPDYK225,Edge OSS - Windows (Cadmium),2023-05-27T01:05:42.969Z,2023-05-27T01:05:42.969Z,,,2023-05-27T01:05:42.969Z,2023-05-27T01:05:42.969Z,,,
Sergio,NFANDROID2-PRV-2K18FHDATV-TCL==UNIONTV-8204-2AF55D72D8358F29C780964BF4B961C2C8DBB6A435D2F3C83B2D09DBA1F68AB8,TCL 2K18 FHD UnionTV Smart TV,2020-01-14T05:27:02.540Z,2023-08-03T21:27:27.539Z,2020-01-14T05:27:02.540Z,2023-08-03T21:13:29.264Z,2021-06-21T03:00:48.752Z,2023-04-06T22:46:30.752Z,2021-07-10T22:58:56.137Z,2023-04-06T22:46:30.752Z,
Sergio,NFCDCH-02-HA2R3WGVD9PALUW7L04HM28407Q11N,Chrome PC (Cadmium),2021-05-23T18:10:08.636Z,2023-04-04T21:42:20.777Z,2021-10-03T16:11:23.664Z,2023-04-04T21:42:20.777Z,2022-10-10T18:59:18.143Z,2023-04-04T21:42:20.777Z,2022-10-10T18:59:18.143Z,2023-04-04T21:42:20.777Z,
Bernardo,NFCDIE-03-H7RXW2D2F0VVX9CNDJ4MG9U05ATVCJ,Edge OSS - Windows (Cadmium),2021-05-12T10:48:50.499Z,2023-07-23T21:30:07.151Z,2021-05-12T10:48:50.499Z,2023-07-23T21:30:07.151Z,2021-09-30T22:01:25.883Z,2023-02-13T03:58:56.315Z,2021-09-30T22:01:25.883Z,2022-12-13T05:35:56.656Z,
Bernardo,NFCDCH-02-HA2R3WGVD9PALUW7L04HM28407Q11N,Chrome PC (Cadmium),2021-05-23T18:10:08.636Z,2023-04-04T21:42:20.777Z,2021-10-03T16:11:23.664Z,2023-04-04T21:42:20.777Z,2021-10-17T14:50:43.825Z,2023-02-08T03:03:17.478Z,2021-10-17T14:50:43.825Z,2023-02-08T03:03:17.478Z,
Felipe,NFANDROID1-PRV-P-XIAOMM2003J15SC-17239-08BBFEDA04F881941DCCE9D491D80B33706D39C16DD9D982CD15EE6D12635D4E7,DefaultWidevineAndroidPhone,2021-06-22T03:32:53.233Z,2022-10-12T04:11:05.795Z,2021-06-22T03:32:53.233Z,2022-10-12T04:11:05.795Z,2021-06-22T03:32:53.233Z,2022-10-12T04:11:05.795Z,2021-06-22T03:32:53.233Z,2022-10-12T04:11:05.795Z,
Bernardo,NFPS4-001-9KDUQGF8PWTDKPVAKTGP1P5EF0,Sony PS4,2021-01-01T05:27:54.966Z,2022-07-23T03:32:39.622Z,2021-01-01T05:27:54.966Z,2022-07-23T03:32:39.622Z,2021-01-01T05:27:54.966Z,2022-07-23T03:32:39.622Z,2021-01-01T05:27:54.966Z,2022-07-23T03:32:39.622Z,
Sergio,HVSMTVK56300000000000000000000000001195936,Hisense ODM MTK5659 5.0 FHD TV Smart TV,2021-12-30T16:31:27.679Z,2022-03-27T13:17:58.355Z,2021-12-30T16:31:53.552Z,2022-02-28T22:13:27.289Z,2021-12-30T16:31:27.679Z,2022-03-27T13:17:58.355Z,2021-12-30T16:31:53.552Z,2022-02-28T22:13:27.289Z,
Bernardo,HISETVK54300000000000000000000000000112853,Hisense MTK5659 5.0 FHD TV Smart TV,2021-12-30T16:27:37.758Z,2022-01-08T04:13:24.656Z,2021-12-30T16:28:09.628Z,2022-01-08T04:13:24.656Z,2021-12-30T16:27:37.758Z,2022-01-08T04:13:24.656Z,2021-12-30T16:28:09.628Z,2022-01-08T04:13:24.656Z,
Sergio,HISETVK54300000000000000000000000000112853,Hisense MTK5659 5.0 FHD TV Smart TV,2021-12-30T16:27:37.758Z,2022-01-08T04:13:24.656Z,2021-12-30T16:28:09.628Z,2022-01-08T04:13:24.656Z,2022-01-02T00:18:40.628Z,2022-01-02T00:18:40.628Z,2022-01-02T00:18:40.628Z,2022-01-02T00:18:40.628Z,
Felipe,HISETVK54300000000000000000000000000112853,Hisense MTK5659 5.0 FHD TV Smart TV,2021-12-30T16:27:37.758Z,2022-01-08T04:13:24.656Z,2021-12-30T16:28:09.628Z,2022-01-08T04:13:24.656Z,2021-12-30T18:34:51.401Z,2022-01-01T01:00:50.644Z,2021-12-30T18:34:51.401Z,2022-01-01T00:58:16.187Z,
Felipe,NFCDCH-02-HA2R3WGVD9PALUW7L04HM28407Q11N,Chrome PC (Cadmium),2021-05-23T18:10:08.636Z,2023-04-04T21:42:20.777Z,2021-10-03T16:11:23.664Z,2023-04-04T21:42:20.777Z,2021-10-03T16:11:23.664Z,2021-10-03T17:44:32.585Z,2021-10-03T16:11:23.664Z,2021-10-03T17:05:11.494Z,
Bernardo,NFANDROID1-PRV-P-L3-LGE==LG-M700-4445-09E926E65F39381562221F2BBA809CFFBEDF52D70146E8035138FE6A3949B48AF,Android DefaultWidevineL3Phone Android Phone,2020-11-25T15:42:46.278Z,2020-11-25T15:42:46.278Z,2020-11-25T15:42:46.278Z,2020-11-25T15:42:46.278Z,2020-11-25T15:42:46.278Z,2020-11-25T15:42:46.278Z,2020-11-25T15:42:46.278Z,2020-11-25T15:42:46.278Z,
Ceci,NFCDCH-02-GC3Z2XM27D4P7YW33W96MFL1KT9CN2,Chrome PC (Cadmium),2020-05-05T23:54:15.416Z,2020-05-05T23:56:48.452Z,2020-05-05T23:54:15.416Z,2020-05-05T23:56:48.452Z,2020-05-05T23:54:15.416Z,2020-05-05T23:56:48.452Z,2020-05-05T23:54:15.416Z,2020-05-05T23:56:48.452Z,
Ceci,NFANDROID1-ROCKCTAB00135S-340AC6D5A95EF36C9EAED58993497780F895F972E14A0437A1CA9ABCB0EB23F3,Mobile,,,,,,,,,
Ceci,TCL2K17FD=0000000000000001373321,TCL 2K17 FHD TV NT63 Smart TV,,,,,,,,,
Ceci,TCL2K17FD=0000000000000000866746,TCL 2K17 FHD TV NT63 Smart TV,,,,,,,,,
Ceci,NFCDCH-02-HCRDR7D9CYY4MMGMJXYALHKR4307EK,Chrome PC (Cadmium),,,,,,,,,
Ceci,NFCDCH-02-GV2V4X7954KK6GKE3TMKGWFXQQD1N0,Chrome PC (Cadmium),,,,,,,,,
Ceci,NFCDCH-02-GVUZ4YV0DP6CQVGCG1XPL2TAEXW2QK,Chrome PC (Cadmium),,,,,,,,,
Ceci,NFCDCH-02-GA1V70TTGPE4EHR29TM7KXF80YWQ9U,Chrome PC (Cadmium),,,,,,,,,
Ceci,NFCDIE-03-GH9TR5XNMXAQ3R50UFFC0RW7PCVV41,Edge OSS - Windows (Cadmium),,,,,,,,,
Ceci,NFCDCH-02-EZV3Y3QXMC5TVWU19U1CKR1JY8U7CX,Chrome PC (Cadmium),,,,,,,,,
Ceci,NFCDCH-02-G8FENRDXWT0DNUR43NNYLX07E4C36G,Chrome PC (Cadmium),,,,,,,,,
Ceci,NFCDIE-03-GAJRGL7HT3M1L7QDE2R7UQ5GRUKF69,Edge OSS - Windows (Cadmium),,,,,,,,,
Ceci,NFANDROID1-PRV-P-L3-SAMSUSM-G532M-4445-06A6DCC0A4CEF79D15A67ED30516C68B192E33AE2A32383A456EED35DA193B831,Android DefaultWidevineL3Phone Android Phone,,,,,,,,,
Ceci,NFUWA-001-FA71C284AA193EDE42ED398A3E7FBE85492BF1FF9072965A3FC9E1F5D1CB98A0F87E023B50D4B070A1AF920D0C6B9B865C22533105E90A1746E3C4C42E4F7CA2,Netflix Windows App - Cadmium Windows Mobile,,,,,,,,,
Ceci,NFCDCH-02-E76MLC5N4KPFMRK0985N1D0HME836J,Chrome PC (Cadmium),,,,,,,,,
Ceci,NFANDROID1-PRV-P-L3-LGE==LG-M700-4445-09B447EE05F63C62D114F8986DC7EEABCDD3242FF75689D99F636C9C6DEC28039,Android DefaultWidevineL3Phone Android Phone,,,,,,,,,
Ceci,NFCDCH-02-F8UMHLX9GPM321E4U2VV3L8FY3LTWX,Chrome PC (Cadmium),,,,,,,,,
Ceci,NFANDROID2-PRV-2K18FHDATV-TCL==UNIONTV-8204-C5B28FA0A8F29B42EF784D3805B1BCF898C0F6A89B6BF9A66BA991FF5AB2C6D8,TCL 2K18 FHD UnionTV Smart TV,,,,,,,,,
Ceci,NFCDCH-02-DG5X6YWC0VM96M9WE3KQQTDMGG0P8T,Chrome PC (Cadmium),,,,,,,,,
Ceci,NFCDCH-02-FCFAVFMPNT383D183EHWKDH3K6ANPD,Chrome PC (Cadmium),,,,,,,,,
Ceci,NFANDROID1-INTELJ07S-DA709E4A400827EEB98AFEA199DC8F162B1BA475FA24032EE1424555611C66BD,Mobile,,,,,,,,,
Ceci,NFUWA-001-786D57B5EE52200609EFB78280A5DE744A2859CCD49A18E91487C3B83560AB4D,Netflix Windows App - Cadmium Windows Mobile,,,,,,,,,
Ceci,NFANDROID1-PRV-P-L3-SAMSUSM-G360M-4445-261E3A4D5EAD88B5386DD38FF3C104ACF7EDD5661D7C8FAB3F7D0282FE05625E,Android DefaultWidevineL3Phone Android Phone,,,,,,,,,
Ceci,NFCDCH-02-E5W87VDNRJYC86V8MNAYVCRTTY0VEL,Chrome PC (Cadmium),,,,,,,,,
Ceci,NFCDCH-02-E5VWQWYECVHTPRN7WKP6NQTV1A42M8,Chrome PC (Cadmium),,,,,,,,,
Ceci,NFCDCH-02-E55GMC1K0V0P7HVVXUADU6CKVN9YVE,Chrome PC (Cadmium),,,,,,,,,
Ceci,NFCDFF-02-E5308LGDVFDGWE1GWN0Y3GPCH0JTJT,Firefox PC (Cadmium),,,,,,,,,
Ceci,NFCDCH-02-E50G7E21UVDYC9UGC230QG92XEJDW9,Chrome PC (Cadmium),,,,,,,,,
Ceci,NFANDROID1-PRV-P-L3-SAMSUSM-G360M-4445-CE6130382FA16E18CE306340ECABF17322C5FAD7699914EC64404589FCAAC320,Android DefaultWidevineL3Phone Android Phone (samsung_SM-G360M),,,,,,,,,
Ceci,NFCDCH-02-DX01019CFT9PJMEH9KYG808NFKXYXQ,Chrome PC (Cadmium),,,,,,,,,
Ceci,NFANDROID1-PRV-T-L3-ROCKCTB-PH7N-4445-063375B3B29AB08DA893B036DCA74E64F086D0A98F66885EB1240179DA4395DD,Android DefaultWidevineL3Tablet Android Tablet (rockchip_TB-PH7N),,,,,,,,,
Ceci,NFCDCH-02-DMJ6UE0DCHJ08PRL8TDWX90P6JX51X,Chrome PC (Cadmium),,,,,,,,,
Ceci,NFCDCH-02-DG6T1GGGYALXDYY8ND3708C6EU76FQ,Chrome PC (Cadmium),,,,,,,,,
Ceci,NFCDCH-02-DG660Y3DY3N7HDYDJ2L9T539KKXELN,Chrome PC (Cadmium),,,,,,,,,
Ceci,NFANDROID1-ROCKCTB-PH7NS-63F9C4B97D191AEDF48FC2DAE799E89D3C57E053C34095F52FF61F4D634F1A04,Mobile,,,,,,,,,
